Time,BookId,ChapterId,Number,Status,Note
2023-08-17 10:24:16:977,GEN,GEN.2,2,200 - Success,--,
2023-08-17 10:24:17:8,GEN,GEN.3,3,200 - Success,--,
2023-08-17 10:24:17:16,GEN,GEN.1,1,200 - Success,--,
2023-08-17 10:24:17:25,GEN,GEN.4,4,200 - Success,--,
2023-08-17 10:24:17:373,GEN,GEN.5,5,200 - Success,--,
2023-08-17 10:24:17:389,GEN,GEN.6,6,200 - Success,--,
2023-08-17 10:24:17:414,GEN,GEN.7,7,200 - Success,--,
2023-08-17 10:24:17:472,GEN,GEN.8,8,200 - Success,--,
2023-08-17 10:24:17:825,GEN,GEN.11,11,200 - Success,--,
2023-08-17 10:24:17:850,GEN,GEN.9,9,200 - Success,--,
2023-08-17 10:24:17:876,GEN,GEN.12,12,200 - Success,--,
2023-08-17 10:24:17:892,GEN,GEN.10,10,200 - Success,--,
2023-08-17 10:24:18:245,GEN,GEN.14,14,200 - Success,--,
2023-08-17 10:24:18:259,GEN,GEN.16,16,200 - Success,--,
2023-08-17 10:24:18:278,GEN,GEN.13,13,200 - Success,--,
2023-08-17 10:24:18:288,GEN,GEN.15,15,200 - Success,--,
2023-08-17 10:24:18:658,GEN,GEN.20,20,200 - Success,--,
2023-08-17 10:24:18:666,GEN,GEN.17,17,200 - Success,--,
2023-08-17 10:24:18:701,GEN,GEN.19,19,200 - Success,--,
2023-08-17 10:24:18:708,GEN,GEN.18,18,200 - Success,--,
2023-08-17 10:24:19:83,GEN,GEN.24,24,200 - Success,--,
2023-08-17 10:24:19:91,GEN,GEN.23,23,200 - Success,--,
2023-08-17 10:24:19:97,GEN,GEN.22,22,200 - Success,--,
2023-08-17 10:24:19:105,GEN,GEN.21,21,200 - Success,--,
2023-08-17 10:24:19:493,GEN,GEN.26,26,200 - Success,--,
2023-08-17 10:24:19:510,GEN,GEN.27,27,200 - Success,--,
2023-08-17 10:24:19:546,GEN,GEN.25,25,200 - Success,--,
2023-08-17 10:24:19:558,GEN,GEN.28,28,200 - Success,--,
2023-08-17 10:24:19:946,GEN,GEN.29,29,200 - Success,--,
2023-08-17 10:24:19:955,GEN,GEN.30,30,200 - Success,--,
2023-08-17 10:24:19:961,GEN,GEN.32,32,200 - Success,--,
2023-08-17 10:24:19:973,GEN,GEN.31,31,200 - Success,--,
2023-08-17 10:24:20:316,GEN,GEN.33,33,200 - Success,--,
2023-08-17 10:24:20:373,GEN,GEN.35,35,200 - Success,--,
2023-08-17 10:24:20:380,GEN,GEN.36,36,200 - Success,--,
2023-08-17 10:24:20:390,GEN,GEN.34,34,200 - Success,--,
2023-08-17 10:24:20:750,GEN,GEN.39,39,200 - Success,--,
2023-08-17 10:24:20:779,GEN,GEN.38,38,200 - Success,--,
2023-08-17 10:24:20:784,GEN,GEN.37,37,200 - Success,--,
2023-08-17 10:24:20:810,GEN,GEN.40,40,200 - Success,--,
2023-08-17 10:24:21:160,GEN,GEN.43,43,200 - Success,--,
2023-08-17 10:24:21:169,GEN,GEN.41,41,200 - Success,--,
2023-08-17 10:24:21:207,GEN,GEN.42,42,200 - Success,--,
2023-08-17 10:24:21:215,GEN,GEN.44,44,200 - Success,--,
2023-08-17 10:24:21:575,GEN,GEN.46,46,200 - Success,--,
2023-08-17 10:24:21:582,GEN,GEN.47,47,200 - Success,--,
2023-08-17 10:24:21:591,GEN,GEN.45,45,200 - Success,--,
2023-08-17 10:24:21:598,GEN,GEN.48,48,200 - Success,--,
2023-08-17 10:24:21:949,GEN,GEN.49,49,200 - Success,--,
2023-08-17 10:24:21:982,GEN,GEN.50,50,200 - Success,--,
2023-08-17 10:24:21:990,EXO,EXO.1,1,200 - Success,--,
2023-08-17 10:24:22:0,EXO,EXO.2,2,200 - Success,--,
2023-08-17 10:24:22:368,EXO,EXO.3,3,200 - Success,--,
2023-08-17 10:24:22:380,EXO,EXO.4,4,200 - Success,--,
2023-08-17 10:24:22:409,EXO,EXO.5,5,200 - Success,--,
2023-08-17 10:24:22:425,EXO,EXO.6,6,200 - Success,--,
2023-08-17 10:24:22:827,EXO,EXO.8,8,200 - Success,--,
2023-08-17 10:24:22:843,EXO,EXO.7,7,200 - Success,--,
2023-08-17 10:24:22:856,EXO,EXO.10,10,200 - Success,--,
2023-08-17 10:24:22:873,EXO,EXO.9,9,200 - Success,--,
2023-08-17 10:24:23:311,EXO,EXO.11,11,200 - Success,--,
2023-08-17 10:24:23:362,EXO,EXO.13,13,200 - Success,--,
2023-08-17 10:24:23:393,EXO,EXO.14,14,200 - Success,--,
2023-08-17 10:24:23:432,EXO,EXO.12,12,200 - Success,--,
2023-08-17 10:24:23:931,EXO,EXO.15,15,200 - Success,--,
2023-08-17 10:24:23:989,EXO,EXO.16,16,200 - Success,--,
2023-08-17 10:24:24:29,EXO,EXO.17,17,200 - Success,--,
2023-08-17 10:24:24:82,EXO,EXO.18,18,200 - Success,--,
2023-08-17 10:24:24:956,EXO,EXO.19,19,200 - Success,--,
2023-08-17 10:24:25:94,EXO,EXO.20,20,200 - Success,--,
2023-08-17 10:24:25:252,EXO,EXO.21,21,200 - Success,--,
2023-08-17 10:24:25:328,EXO,EXO.22,22,200 - Success,--,
2023-08-17 10:24:25:967,EXO,EXO.23,23,200 - Success,--,
2023-08-17 10:24:26:66,EXO,EXO.24,24,200 - Success,--,
2023-08-17 10:24:26:216,EXO,EXO.25,25,200 - Success,--,
2023-08-17 10:24:26:322,EXO,EXO.26,26,200 - Success,--,
2023-08-17 10:24:27:99,EXO,EXO.27,27,200 - Success,--,
2023-08-17 10:24:27:259,EXO,EXO.28,28,200 - Success,--,
2023-08-17 10:24:27:353,EXO,EXO.29,29,200 - Success,--,
2023-08-17 10:24:27:446,EXO,EXO.30,30,200 - Success,--,
2023-08-17 10:24:28:36,EXO,EXO.31,31,200 - Success,--,
2023-08-17 10:24:28:150,EXO,EXO.33,33,200 - Success,--,
2023-08-17 10:24:28:304,EXO,EXO.34,34,200 - Success,--,
2023-08-17 10:24:28:414,EXO,EXO.32,32,200 - Success,--,
2023-08-17 10:24:29:928,EXO,EXO.35,35,200 - Success,--,
2023-08-17 10:24:30:149,EXO,EXO.36,36,200 - Success,--,
2023-08-17 10:24:30:231,EXO,EXO.38,38,200 - Success,--,
2023-08-17 10:24:30:289,EXO,EXO.37,37,200 - Success,--,
2023-08-17 10:24:30:927,EXO,EXO.39,39,200 - Success,--,
2023-08-17 10:24:30:995,EXO,EXO.40,40,200 - Success,--,
2023-08-17 10:24:31:99,LEV,LEV.2,2,200 - Success,--,
2023-08-17 10:24:31:151,LEV,LEV.1,1,200 - Success,--,
2023-08-17 10:24:31:867,LEV,LEV.3,3,200 - Success,--,
2023-08-17 10:24:31:916,LEV,LEV.4,4,200 - Success,--,
2023-08-17 10:24:31:972,LEV,LEV.5,5,200 - Success,--,
2023-08-17 10:24:32:43,LEV,LEV.6,6,200 - Success,--,
2023-08-17 10:24:32:593,LEV,LEV.7,7,200 - Success,--,
2023-08-17 10:24:32:631,LEV,LEV.8,8,200 - Success,--,
2023-08-17 10:24:32:712,LEV,LEV.9,9,200 - Success,--,
2023-08-17 10:24:32:788,LEV,LEV.10,10,200 - Success,--,
2023-08-17 10:24:33:357,LEV,LEV.12,12,200 - Success,--,
2023-08-17 10:24:33:401,LEV,LEV.11,11,200 - Success,--,
2023-08-17 10:24:33:495,LEV,LEV.14,14,200 - Success,--,
2023-08-17 10:24:33:544,LEV,LEV.13,13,200 - Success,--,
2023-08-17 10:24:34:41,LEV,LEV.15,15,200 - Success,--,
2023-08-17 10:24:34:173,LEV,LEV.16,16,200 - Success,--,
2023-08-17 10:24:34:249,LEV,LEV.18,18,200 - Success,--,
2023-08-17 10:24:34:302,LEV,LEV.17,17,200 - Success,--,
2023-08-17 10:24:34:817,LEV,LEV.19,19,200 - Success,--,
2023-08-17 10:24:34:861,LEV,LEV.20,20,200 - Success,--,
2023-08-17 10:24:34:906,LEV,LEV.21,21,200 - Success,--,
2023-08-17 10:24:34:973,LEV,LEV.22,22,200 - Success,--,
2023-08-17 10:24:35:507,LEV,LEV.23,23,200 - Success,--,
2023-08-17 10:24:35:563,LEV,LEV.24,24,200 - Success,--,
2023-08-17 10:24:35:677,LEV,LEV.26,26,200 - Success,--,
2023-08-17 10:24:35:760,LEV,LEV.25,25,200 - Success,--,
2023-08-17 10:24:36:365,LEV,LEV.27,27,200 - Success,--,
2023-08-17 10:24:36:545,NUM,NUM.1,1,200 - Success,--,
2023-08-17 10:24:36:643,NUM,NUM.3,3,200 - Success,--,
2023-08-17 10:24:36:709,NUM,NUM.2,2,200 - Success,--,
2023-08-17 10:24:37:412,NUM,NUM.5,5,200 - Success,--,
2023-08-17 10:24:37:507,NUM,NUM.4,4,200 - Success,--,
2023-08-17 10:24:37:586,NUM,NUM.6,6,200 - Success,--,
2023-08-17 10:24:37:660,NUM,NUM.7,7,200 - Success,--,
2023-08-17 10:24:38:236,NUM,NUM.8,8,200 - Success,--,
2023-08-17 10:24:38:291,NUM,NUM.9,9,200 - Success,--,
2023-08-17 10:24:38:387,NUM,NUM.10,10,200 - Success,--,
2023-08-17 10:24:38:450,NUM,NUM.11,11,200 - Success,--,
2023-08-17 10:24:38:991,NUM,NUM.12,12,200 - Success,--,
2023-08-17 10:24:39:37,NUM,NUM.13,13,200 - Success,--,
2023-08-17 10:24:39:90,NUM,NUM.14,14,200 - Success,--,
2023-08-17 10:24:39:164,NUM,NUM.15,15,200 - Success,--,
2023-08-17 10:24:39:689,NUM,NUM.16,16,200 - Success,--,
2023-08-17 10:24:39:726,NUM,NUM.17,17,200 - Success,--,
2023-08-17 10:24:39:804,NUM,NUM.19,19,200 - Success,--,
2023-08-17 10:24:39:851,NUM,NUM.18,18,200 - Success,--,
2023-08-17 10:24:40:365,NUM,NUM.21,21,200 - Success,--,
2023-08-17 10:24:40:403,NUM,NUM.20,20,200 - Success,--,
2023-08-17 10:24:40:483,NUM,NUM.23,23,200 - Success,--,
2023-08-17 10:24:40:522,NUM,NUM.22,22,200 - Success,--,
2023-08-17 10:24:41:68,NUM,NUM.24,24,200 - Success,--,
2023-08-17 10:24:41:109,NUM,NUM.27,27,200 - Success,--,
2023-08-17 10:24:41:171,NUM,NUM.26,26,200 - Success,--,
2023-08-17 10:24:41:203,NUM,NUM.25,25,200 - Success,--,
2023-08-17 10:24:41:718,NUM,NUM.28,28,200 - Success,--,
2023-08-17 10:24:41:757,NUM,NUM.29,29,200 - Success,--,
2023-08-17 10:24:41:802,NUM,NUM.31,31,200 - Success,--,
2023-08-17 10:24:41:839,NUM,NUM.30,30,200 - Success,--,
2023-08-17 10:24:42:334,NUM,NUM.32,32,200 - Success,--,
2023-08-17 10:24:42:367,NUM,NUM.34,34,200 - Success,--,
2023-08-17 10:24:42:397,NUM,NUM.33,33,200 - Success,--,
2023-08-17 10:24:42:481,NUM,NUM.35,35,200 - Success,--,
2023-08-17 10:24:42:973,NUM,NUM.36,36,200 - Success,--,
2023-08-17 10:24:43:35,DEU,DEU.1,1,200 - Success,--,
2023-08-17 10:24:43:96,DEU,DEU.2,2,200 - Success,--,
2023-08-17 10:24:43:127,DEU,DEU.3,3,200 - Success,--,
2023-08-17 10:24:43:633,DEU,DEU.4,4,200 - Success,--,
2023-08-17 10:24:43:670,DEU,DEU.5,5,200 - Success,--,
2023-08-17 10:24:43:704,DEU,DEU.6,6,200 - Success,--,
2023-08-17 10:24:43:736,DEU,DEU.7,7,200 - Success,--,
2023-08-17 10:24:44:322,DEU,DEU.8,8,200 - Success,--,
2023-08-17 10:24:44:361,DEU,DEU.11,11,200 - Success,--,
2023-08-17 10:24:44:392,DEU,DEU.10,10,200 - Success,--,
2023-08-17 10:24:44:419,DEU,DEU.9,9,200 - Success,--,
2023-08-17 10:24:44:890,DEU,DEU.12,12,200 - Success,--,
2023-08-17 10:24:44:934,DEU,DEU.13,13,200 - Success,--,
2023-08-17 10:24:44:994,DEU,DEU.15,15,200 - Success,--,
2023-08-17 10:24:45:27,DEU,DEU.14,14,200 - Success,--,
2023-08-17 10:24:45:551,DEU,DEU.16,16,200 - Success,--,
2023-08-17 10:24:45:584,DEU,DEU.17,17,200 - Success,--,
2023-08-17 10:24:45:615,DEU,DEU.18,18,200 - Success,--,
2023-08-17 10:24:45:646,DEU,DEU.19,19,200 - Success,--,
2023-08-17 10:24:46:139,DEU,DEU.20,20,200 - Success,--,
2023-08-17 10:24:46:166,DEU,DEU.23,23,200 - Success,--,
2023-08-17 10:24:46:193,DEU,DEU.21,21,200 - Success,--,
2023-08-17 10:24:46:288,DEU,DEU.22,22,200 - Success,--,
2023-08-17 10:24:46:775,DEU,DEU.25,25,200 - Success,--,
2023-08-17 10:24:46:822,DEU,DEU.24,24,200 - Success,--,
2023-08-17 10:24:46:858,DEU,DEU.26,26,200 - Success,--,
2023-08-17 10:24:46:908,DEU,DEU.27,27,200 - Success,--,
2023-08-17 10:24:47:405,DEU,DEU.28,28,200 - Success,--,
2023-08-17 10:24:47:431,DEU,DEU.29,29,200 - Success,--,
2023-08-17 10:24:47:456,DEU,DEU.30,30,200 - Success,--,
2023-08-17 10:24:47:490,DEU,DEU.31,31,200 - Success,--,
2023-08-17 10:24:48:24,JOS,JOS.1,1,200 - Success,--,
2023-08-17 10:24:48:64,DEU,DEU.33,33,200 - Success,--,
2023-08-17 10:24:48:83,DEU,DEU.34,34,200 - Success,--,
2023-08-17 10:24:48:118,DEU,DEU.32,32,200 - Success,--,
2023-08-17 10:24:48:662,JOS,JOS.2,2,200 - Success,--,
2023-08-17 10:24:48:697,JOS,JOS.3,3,200 - Success,--,
2023-08-17 10:24:48:723,JOS,JOS.5,5,200 - Success,--,
2023-08-17 10:24:48:817,JOS,JOS.4,4,200 - Success,--,
2023-08-17 10:24:49:431,JOS,JOS.9,9,200 - Success,--,
2023-08-17 10:24:49:458,JOS,JOS.8,8,200 - Success,--,
2023-08-17 10:24:49:502,JOS,JOS.7,7,200 - Success,--,
2023-08-17 10:24:49:539,JOS,JOS.6,6,200 - Success,--,
2023-08-17 10:24:50:6,JOS,JOS.10,10,200 - Success,--,
2023-08-17 10:24:50:125,JOS,JOS.12,12,200 - Success,--,
2023-08-17 10:24:50:147,JOS,JOS.11,11,200 - Success,--,
2023-08-17 10:24:50:173,JOS,JOS.13,13,200 - Success,--,
2023-08-17 10:24:50:662,JOS,JOS.14,14,200 - Success,--,
2023-08-17 10:24:50:694,JOS,JOS.15,15,200 - Success,--,
2023-08-17 10:24:50:713,JOS,JOS.16,16,200 - Success,--,
2023-08-17 10:24:50:733,JOS,JOS.17,17,200 - Success,--,
2023-08-17 10:24:51:184,JOS,JOS.18,18,200 - Success,--,
2023-08-17 10:24:51:225,JOS,JOS.19,19,200 - Success,--,
2023-08-17 10:24:51:252,JOS,JOS.20,20,200 - Success,--,
2023-08-17 10:24:51:282,JOS,JOS.21,21,200 - Success,--,
2023-08-17 10:24:51:884,JOS,JOS.23,23,200 - Success,--,
2023-08-17 10:24:51:901,JDG,JDG.1,1,200 - Success,--,
2023-08-17 10:24:51:929,JOS,JOS.24,24,200 - Success,--,
2023-08-17 10:24:51:956,JOS,JOS.22,22,200 - Success,--,
2023-08-17 10:24:52:382,JDG,JDG.2,2,200 - Success,--,
2023-08-17 10:24:52:459,JDG,JDG.3,3,200 - Success,--,
2023-08-17 10:24:52:506,JDG,JDG.4,4,200 - Success,--,
2023-08-17 10:24:52:540,JDG,JDG.5,5,200 - Success,--,
2023-08-17 10:24:53:13,JDG,JDG.7,7,200 - Success,--,
2023-08-17 10:24:53:45,JDG,JDG.6,6,200 - Success,--,
2023-08-17 10:24:53:151,JDG,JDG.9,9,200 - Success,--,
2023-08-17 10:24:53:181,JDG,JDG.8,8,200 - Success,--,
2023-08-17 10:24:53:635,JDG,JDG.10,10,200 - Success,--,
2023-08-17 10:24:53:681,JDG,JDG.11,11,200 - Success,--,
2023-08-17 10:24:53:706,JDG,JDG.13,13,200 - Success,--,
2023-08-17 10:24:53:804,JDG,JDG.12,12,200 - Success,--,
2023-08-17 10:24:54:247,JDG,JDG.14,14,200 - Success,--,
2023-08-17 10:24:54:268,JDG,JDG.15,15,200 - Success,--,
2023-08-17 10:24:54:294,JDG,JDG.17,17,200 - Success,--,
2023-08-17 10:24:54:323,JDG,JDG.16,16,200 - Success,--,
2023-08-17 10:24:54:783,JDG,JDG.19,19,200 - Success,--,
2023-08-17 10:24:54:804,JDG,JDG.20,20,200 - Success,--,
2023-08-17 10:24:54:827,JDG,JDG.18,18,200 - Success,--,
2023-08-17 10:24:54:920,JDG,JDG.21,21,200 - Success,--,
2023-08-17 10:24:55:375,RUT,RUT.1,1,200 - Success,--,
2023-08-17 10:24:55:401,RUT,RUT.4,4,200 - Success,--,
2023-08-17 10:24:55:424,RUT,RUT.2,2,200 - Success,--,
2023-08-17 10:24:55:451,RUT,RUT.3,3,200 - Success,--,
2023-08-17 10:24:55:910,1SA,1SA.1,1,200 - Success,--,
2023-08-17 10:24:55:940,1SA,1SA.2,2,200 - Success,--,
2023-08-17 10:24:55:976,1SA,1SA.3,3,200 - Success,--,
2023-08-17 10:24:56:0,1SA,1SA.4,4,200 - Success,--,
2023-08-17 10:24:56:438,1SA,1SA.5,5,200 - Success,--,
2023-08-17 10:24:56:506,1SA,1SA.6,6,200 - Success,--,
2023-08-17 10:24:56:549,1SA,1SA.7,7,200 - Success,--,
2023-08-17 10:24:56:568,1SA,1SA.8,8,200 - Success,--,
2023-08-17 10:24:57:7,1SA,1SA.11,11,200 - Success,--,
2023-08-17 10:24:57:24,1SA,1SA.10,10,200 - Success,--,
2023-08-17 10:24:57:42,1SA,1SA.9,9,200 - Success,--,
2023-08-17 10:24:57:83,1SA,1SA.12,12,200 - Success,--,
2023-08-17 10:24:57:548,1SA,1SA.13,13,200 - Success,--,
2023-08-17 10:24:57:576,1SA,1SA.15,15,200 - Success,--,
2023-08-17 10:24:57:605,1SA,1SA.16,16,200 - Success,--,
2023-08-17 10:24:57:634,1SA,1SA.14,14,200 - Success,--,
2023-08-17 10:24:58:54,1SA,1SA.18,18,200 - Success,--,
2023-08-17 10:24:58:93,1SA,1SA.17,17,200 - Success,--,
2023-08-17 10:24:58:123,1SA,1SA.19,19,200 - Success,--,
2023-08-17 10:24:58:177,1SA,1SA.20,20,200 - Success,--,
2023-08-17 10:24:58:618,1SA,1SA.21,21,200 - Success,--,
2023-08-17 10:24:58:649,1SA,1SA.22,22,200 - Success,--,
2023-08-17 10:24:58:671,1SA,1SA.24,24,200 - Success,--,
2023-08-17 10:24:58:697,1SA,1SA.23,23,200 - Success,--,
2023-08-17 10:24:59:129,1SA,1SA.25,25,200 - Success,--,
2023-08-17 10:24:59:162,1SA,1SA.27,27,200 - Success,--,
2023-08-17 10:24:59:201,1SA,1SA.28,28,200 - Success,--,
2023-08-17 10:24:59:236,1SA,1SA.26,26,200 - Success,--,
2023-08-17 10:24:59:716,1SA,1SA.29,29,200 - Success,--,
2023-08-17 10:24:59:751,1SA,1SA.30,30,200 - Success,--,
2023-08-17 10:24:59:824,1SA,1SA.31,31,200 - Success,--,
2023-08-17 10:24:59:891,2SA,2SA.1,1,200 - Success,--,
2023-08-17 10:25:00:430,2SA,2SA.2,2,200 - Success,--,
2023-08-17 10:25:00:487,2SA,2SA.5,5,200 - Success,--,
2023-08-17 10:25:00:512,2SA,2SA.3,3,200 - Success,--,
2023-08-17 10:25:00:535,2SA,2SA.4,4,200 - Success,--,
2023-08-17 10:25:01:11,2SA,2SA.6,6,200 - Success,--,
2023-08-17 10:25:01:55,2SA,2SA.9,9,200 - Success,--,
2023-08-17 10:25:01:90,2SA,2SA.7,7,200 - Success,--,
2023-08-17 10:25:01:113,2SA,2SA.8,8,200 - Success,--,
2023-08-17 10:25:01:570,2SA,2SA.10,10,200 - Success,--,
2023-08-17 10:25:01:593,2SA,2SA.11,11,200 - Success,--,
2023-08-17 10:25:01:620,2SA,2SA.12,12,200 - Success,--,
2023-08-17 10:25:01:729,2SA,2SA.13,13,200 - Success,--,
2023-08-17 10:25:02:220,2SA,2SA.14,14,200 - Success,--,
2023-08-17 10:25:02:270,2SA,2SA.15,15,200 - Success,--,
2023-08-17 10:25:02:339,2SA,2SA.16,16,200 - Success,--,
2023-08-17 10:25:02:371,2SA,2SA.17,17,200 - Success,--,
2023-08-17 10:25:02:854,2SA,2SA.19,19,200 - Success,--,
2023-08-17 10:25:02:894,2SA,2SA.21,21,200 - Success,--,
2023-08-17 10:25:02:922,2SA,2SA.18,18,200 - Success,--,
2023-08-17 10:25:02:947,2SA,2SA.20,20,200 - Success,--,
2023-08-17 10:25:03:409,2SA,2SA.24,24,200 - Success,--,
2023-08-17 10:25:03:437,2SA,2SA.22,22,200 - Success,--,
2023-08-17 10:25:03:484,2SA,2SA.23,23,200 - Success,--,
2023-08-17 10:25:03:511,1KI,1KI.1,1,200 - Success,--,
2023-08-17 10:25:03:961,1KI,1KI.2,2,200 - Success,--,
2023-08-17 10:25:04:1,1KI,1KI.5,5,200 - Success,--,
2023-08-17 10:25:04:52,1KI,1KI.3,3,200 - Success,--,
2023-08-17 10:25:04:87,1KI,1KI.4,4,200 - Success,--,
2023-08-17 10:25:04:591,1KI,1KI.6,6,200 - Success,--,
2023-08-17 10:25:04:616,1KI,1KI.7,7,200 - Success,--,
2023-08-17 10:25:04:644,1KI,1KI.9,9,200 - Success,--,
2023-08-17 10:25:04:675,1KI,1KI.8,8,200 - Success,--,
2023-08-17 10:25:05:90,1KI,1KI.10,10,200 - Success,--,
2023-08-17 10:25:05:155,1KI,1KI.11,11,200 - Success,--,
2023-08-17 10:25:05:195,1KI,1KI.12,12,200 - Success,--,
2023-08-17 10:25:05:227,1KI,1KI.13,13,200 - Success,--,
2023-08-17 10:25:05:693,1KI,1KI.14,14,200 - Success,--,
2023-08-17 10:25:05:741,1KI,1KI.15,15,200 - Success,--,
2023-08-17 10:25:05:771,1KI,1KI.16,16,200 - Success,--,
2023-08-17 10:25:05:811,1KI,1KI.17,17,200 - Success,--,
2023-08-17 10:25:06:260,1KI,1KI.19,19,200 - Success,--,
2023-08-17 10:25:06:295,1KI,1KI.18,18,200 - Success,--,
2023-08-17 10:25:06:371,1KI,1KI.21,21,200 - Success,--,
2023-08-17 10:25:06:414,1KI,1KI.20,20,200 - Success,--,
2023-08-17 10:25:06:870,2KI,2KI.1,1,200 - Success,--,
2023-08-17 10:25:06:898,1KI,1KI.22,22,200 - Success,--,
2023-08-17 10:25:06:982,2KI,2KI.3,3,200 - Success,--,
2023-08-17 10:25:07:2,2KI,2KI.2,2,200 - Success,--,
2023-08-17 10:25:07:475,2KI,2KI.5,5,200 - Success,--,
2023-08-17 10:25:07:496,2KI,2KI.4,4,200 - Success,--,
2023-08-17 10:25:07:559,2KI,2KI.6,6,200 - Success,--,
2023-08-17 10:25:07:603,2KI,2KI.7,7,200 - Success,--,
2023-08-17 10:25:08:63,2KI,2KI.8,8,200 - Success,--,
2023-08-17 10:25:08:88,2KI,2KI.9,9,200 - Success,--,
2023-08-17 10:25:08:117,2KI,2KI.10,10,200 - Success,--,
2023-08-17 10:25:08:133,2KI,2KI.11,11,200 - Success,--,
2023-08-17 10:25:08:596,2KI,2KI.12,12,200 - Success,--,
2023-08-17 10:25:08:629,2KI,2KI.13,13,200 - Success,--,
2023-08-17 10:25:08:652,2KI,2KI.14,14,200 - Success,--,
2023-08-17 10:25:08:731,2KI,2KI.15,15,200 - Success,--,
2023-08-17 10:25:09:158,2KI,2KI.16,16,200 - Success,--,
2023-08-17 10:25:09:186,2KI,2KI.17,17,200 - Success,--,
2023-08-17 10:25:09:232,2KI,2KI.18,18,200 - Success,--,
2023-08-17 10:25:09:280,2KI,2KI.19,19,200 - Success,--,
2023-08-17 10:25:09:709,2KI,2KI.20,20,200 - Success,--,
2023-08-17 10:25:09:788,2KI,2KI.21,21,200 - Success,--,
2023-08-17 10:25:09:845,2KI,2KI.22,22,200 - Success,--,
2023-08-17 10:25:09:863,2KI,2KI.23,23,200 - Success,--,
2023-08-17 10:25:10:283,2KI,2KI.24,24,200 - Success,--,
2023-08-17 10:25:10:339,2KI,2KI.25,25,200 - Success,--,
2023-08-17 10:25:10:369,1CH,1CH.1,1,200 - Success,--,
2023-08-17 10:25:10:415,1CH,1CH.2,2,200 - Success,--,
2023-08-17 10:25:10:901,1CH,1CH.3,3,200 - Success,--,
2023-08-17 10:25:10:947,1CH,1CH.4,4,200 - Success,--,
2023-08-17 10:25:10:979,1CH,1CH.5,5,200 - Success,--,
2023-08-17 10:25:11:198,1CH,1CH.6,6,200 - Success,--,
2023-08-17 10:25:11:663,1CH,1CH.7,7,200 - Success,--,
2023-08-17 10:25:11:686,1CH,1CH.9,9,200 - Success,--,
2023-08-17 10:25:11:707,1CH,1CH.8,8,200 - Success,--,
2023-08-17 10:25:11:733,1CH,1CH.10,10,200 - Success,--,
2023-08-17 10:25:12:160,1CH,1CH.12,12,200 - Success,--,
2023-08-17 10:25:12:196,1CH,1CH.13,13,200 - Success,--,
2023-08-17 10:25:12:220,1CH,1CH.11,11,200 - Success,--,
2023-08-17 10:25:12:244,1CH,1CH.14,14,200 - Success,--,
2023-08-17 10:25:12:711,1CH,1CH.15,15,200 - Success,--,
2023-08-17 10:25:12:791,1CH,1CH.17,17,200 - Success,--,
2023-08-17 10:25:12:819,1CH,1CH.16,16,200 - Success,--,
2023-08-17 10:25:12:845,1CH,1CH.18,18,200 - Success,--,
2023-08-17 10:25:13:337,1CH,1CH.19,19,200 - Success,--,
2023-08-17 10:25:13:357,1CH,1CH.22,22,200 - Success,--,
2023-08-17 10:25:13:374,1CH,1CH.20,20,200 - Success,--,
2023-08-17 10:25:13:398,1CH,1CH.21,21,200 - Success,--,
2023-08-17 10:25:13:857,1CH,1CH.24,24,200 - Success,--,
2023-08-17 10:25:13:879,1CH,1CH.23,23,200 - Success,--,
2023-08-17 10:25:13:899,1CH,1CH.25,25,200 - Success,--,
2023-08-17 10:25:13:927,1CH,1CH.26,26,200 - Success,--,
2023-08-17 10:25:14:385,1CH,1CH.29,29,200 - Success,--,
2023-08-17 10:25:14:415,1CH,1CH.27,27,200 - Success,--,
2023-08-17 10:25:14:443,2CH,2CH.1,1,200 - Success,--,
2023-08-17 10:25:14:465,1CH,1CH.28,28,200 - Success,--,
2023-08-17 10:25:14:875,2CH,2CH.2,2,200 - Success,--,
2023-08-17 10:25:14:898,2CH,2CH.3,3,200 - Success,--,
2023-08-17 10:25:15:2,2CH,2CH.4,4,200 - Success,--,
2023-08-17 10:25:15:44,2CH,2CH.5,5,200 - Success,--,
2023-08-17 10:25:15:521,2CH,2CH.7,7,200 - Success,--,
2023-08-17 10:25:15:549,2CH,2CH.6,6,200 - Success,--,
2023-08-17 10:25:15:570,2CH,2CH.8,8,200 - Success,--,
2023-08-17 10:25:15:592,2CH,2CH.9,9,200 - Success,--,
2023-08-17 10:25:15:993,2CH,2CH.10,10,200 - Success,--,
2023-08-17 10:25:16:72,2CH,2CH.11,11,200 - Success,--,
2023-08-17 10:25:16:96,2CH,2CH.12,12,200 - Success,--,
2023-08-17 10:25:16:119,2CH,2CH.13,13,200 - Success,--,
2023-08-17 10:25:18:914,2CH,2CH.15,15,200 - Success,--,
2023-08-17 10:25:19:25,2CH,2CH.14,14,200 - Success,--,
2023-08-17 10:25:19:71,2CH,2CH.16,16,200 - Success,--,
2023-08-17 10:25:19:105,2CH,2CH.17,17,200 - Success,--,
2023-08-17 10:25:19:585,2CH,2CH.18,18,200 - Success,--,
2023-08-17 10:25:19:625,2CH,2CH.19,19,200 - Success,--,
2023-08-17 10:25:19:660,2CH,2CH.20,20,200 - Success,--,
2023-08-17 10:25:19:744,2CH,2CH.21,21,200 - Success,--,
2023-08-17 10:25:20:194,2CH,2CH.22,22,200 - Success,--,
2023-08-17 10:25:20:275,2CH,2CH.23,23,200 - Success,--,
2023-08-17 10:25:20:304,2CH,2CH.24,24,200 - Success,--,
2023-08-17 10:25:20:334,2CH,2CH.25,25,200 - Success,--,
2023-08-17 10:25:20:988,2CH,2CH.26,26,200 - Success,--,
2023-08-17 10:25:21:49,2CH,2CH.28,28,200 - Success,--,
2023-08-17 10:25:21:82,2CH,2CH.27,27,200 - Success,--,
2023-08-17 10:25:21:137,2CH,2CH.29,29,200 - Success,--,
2023-08-17 10:25:21:604,2CH,2CH.30,30,200 - Success,--,
2023-08-17 10:25:21:668,2CH,2CH.31,31,200 - Success,--,
2023-08-17 10:25:21:696,2CH,2CH.32,32,200 - Success,--,
2023-08-17 10:25:21:729,2CH,2CH.33,33,200 - Success,--,
2023-08-17 10:25:22:312,2CH,2CH.34,34,200 - Success,--,
2023-08-17 10:25:22:343,2CH,2CH.36,36,200 - Success,--,
2023-08-17 10:25:22:381,EZR,EZR.1,1,200 - Success,--,
2023-08-17 10:25:22:416,2CH,2CH.35,35,200 - Success,--,
2023-08-17 10:25:22:948,EZR,EZR.3,3,200 - Success,--,
2023-08-17 10:25:22:999,EZR,EZR.5,5,200 - Success,--,
2023-08-17 10:25:23:26,EZR,EZR.4,4,200 - Success,--,
2023-08-17 10:25:23:50,EZR,EZR.2,2,200 - Success,--,
2023-08-17 10:25:23:514,EZR,EZR.6,6,200 - Success,--,
2023-08-17 10:25:23:534,EZR,EZR.7,7,200 - Success,--,
2023-08-17 10:25:23:578,EZR,EZR.8,8,200 - Success,--,
2023-08-17 10:25:23:600,EZR,EZR.9,9,200 - Success,--,
2023-08-17 10:25:24:47,EZR,EZR.10,10,200 - Success,--,
2023-08-17 10:25:24:84,NEH,NEH.1,1,200 - Success,--,
2023-08-17 10:25:24:116,NEH,NEH.2,2,200 - Success,--,
2023-08-17 10:25:24:135,NEH,NEH.3,3,200 - Success,--,
2023-08-17 10:25:24:559,NEH,NEH.4,4,200 - Success,--,
2023-08-17 10:25:24:591,NEH,NEH.6,6,200 - Success,--,
2023-08-17 10:25:24:610,NEH,NEH.5,5,200 - Success,--,
2023-08-17 10:25:24:653,NEH,NEH.7,7,200 - Success,--,
2023-08-17 10:25:25:181,NEH,NEH.8,8,200 - Success,--,
2023-08-17 10:25:25:230,NEH,NEH.10,10,200 - Success,--,
2023-08-17 10:25:25:287,NEH,NEH.11,11,200 - Success,--,
2023-08-17 10:25:25:367,NEH,NEH.9,9,200 - Success,--,
2023-08-17 10:25:25:917,NEH,NEH.12,12,200 - Success,--,
2023-08-17 10:25:26:30,NEH,NEH.13,13,200 - Success,--,
2023-08-17 10:25:26:64,EST,EST.2,2,200 - Success,--,
2023-08-17 10:25:26:88,EST,EST.1,1,200 - Success,--,
2023-08-17 10:25:26:577,EST,EST.3,3,200 - Success,--,
2023-08-17 10:25:26:589,EST,EST.4,4,200 - Success,--,
2023-08-17 10:25:26:629,EST,EST.5,5,200 - Success,--,
2023-08-17 10:25:26:706,EST,EST.6,6,200 - Success,--,
2023-08-17 10:25:27:95,EST,EST.7,7,200 - Success,--,
2023-08-17 10:25:27:148,EST,EST.8,8,200 - Success,--,
2023-08-17 10:25:27:166,EST,EST.10,10,200 - Success,--,
2023-08-17 10:25:27:181,EST,EST.9,9,200 - Success,--,
2023-08-17 10:25:27:837,JOB,JOB.1,1,200 - Success,--,
2023-08-17 10:25:27:921,JOB,JOB.2,2,200 - Success,--,
2023-08-17 10:25:28:3,JOB,JOB.3,3,200 - Success,--,
2023-08-17 10:25:28:116,JOB,JOB.4,4,200 - Success,--,
2023-08-17 10:25:28:897,JOB,JOB.5,5,200 - Success,--,
2023-08-17 10:25:28:950,JOB,JOB.6,6,200 - Success,--,
2023-08-17 10:25:29:77,JOB,JOB.8,8,200 - Success,--,
2023-08-17 10:25:29:168,JOB,JOB.7,7,200 - Success,--,
2023-08-17 10:25:29:764,JOB,JOB.9,9,200 - Success,--,
2023-08-17 10:25:29:892,JOB,JOB.11,11,200 - Success,--,
2023-08-17 10:25:29:927,JOB,JOB.10,10,200 - Success,--,
2023-08-17 10:25:30:20,JOB,JOB.12,12,200 - Success,--,
2023-08-17 10:25:30:512,JOB,JOB.15,15,200 - Success,--,
2023-08-17 10:25:30:552,JOB,JOB.14,14,200 - Success,--,
2023-08-17 10:25:30:579,JOB,JOB.13,13,200 - Success,--,
2023-08-17 10:25:30:640,JOB,JOB.16,16,200 - Success,--,
2023-08-17 10:25:31:127,JOB,JOB.17,17,200 - Success,--,
2023-08-17 10:25:31:165,JOB,JOB.18,18,200 - Success,--,
2023-08-17 10:25:31:199,JOB,JOB.19,19,200 - Success,--,
2023-08-17 10:25:31:266,JOB,JOB.20,20,200 - Success,--,
2023-08-17 10:25:31:757,JOB,JOB.21,21,200 - Success,--,
2023-08-17 10:25:31:832,JOB,JOB.22,22,200 - Success,--,
2023-08-17 10:25:31:857,JOB,JOB.23,23,200 - Success,--,
2023-08-17 10:25:31:882,JOB,JOB.24,24,200 - Success,--,
2023-08-17 10:25:32:331,JOB,JOB.26,26,200 - Success,--,
2023-08-17 10:25:32:349,JOB,JOB.25,25,200 - Success,--,
2023-08-17 10:25:32:416,JOB,JOB.28,28,200 - Success,--,
2023-08-17 10:25:32:436,JOB,JOB.27,27,200 - Success,--,
2023-08-17 10:25:32:964,JOB,JOB.31,31,200 - Success,--,
2023-08-17 10:25:32:989,JOB,JOB.32,32,200 - Success,--,
2023-08-17 10:25:33:12,JOB,JOB.29,29,200 - Success,--,
2023-08-17 10:25:33:202,JOB,JOB.30,30,200 - Success,--,
2023-08-17 10:25:33:689,JOB,JOB.33,33,200 - Success,--,
2023-08-17 10:25:33:787,JOB,JOB.34,34,200 - Success,--,
2023-08-17 10:25:33:863,JOB,JOB.35,35,200 - Success,--,
2023-08-17 10:25:33:922,JOB,JOB.36,36,200 - Success,--,
2023-08-17 10:25:34:404,JOB,JOB.37,37,200 - Success,--,
2023-08-17 10:25:34:453,JOB,JOB.39,39,200 - Success,--,
2023-08-17 10:25:34:487,JOB,JOB.40,40,200 - Success,--,
2023-08-17 10:25:34:516,JOB,JOB.38,38,200 - Success,--,
2023-08-17 10:25:35:96,JOB,JOB.42,42,200 - Success,--,
2023-08-17 10:25:35:126,JOB,JOB.41,41,200 - Success,--,
2023-08-17 10:25:35:231,PSA,PSA.2,2,200 - Success,--,
2023-08-17 10:25:35:256,PSA,PSA.1,1,200 - Success,--,
2023-08-17 10:25:36:62,PSA,PSA.3,3,200 - Success,--,
2023-08-17 10:25:36:139,PSA,PSA.5,5,200 - Success,--,
2023-08-17 10:25:36:168,PSA,PSA.4,4,200 - Success,--,
2023-08-17 10:25:36:203,PSA,PSA.6,6,200 - Success,--,
2023-08-17 10:25:36:767,PSA,PSA.7,7,200 - Success,--,
2023-08-17 10:25:36:791,PSA,PSA.8,8,200 - Success,--,
2023-08-17 10:25:36:816,PSA,PSA.9,9,200 - Success,--,
2023-08-17 10:25:36:847,PSA,PSA.10,10,200 - Success,--,
2023-08-17 10:25:37:305,PSA,PSA.11,11,200 - Success,--,
2023-08-17 10:25:37:336,PSA,PSA.12,12,200 - Success,--,
2023-08-17 10:25:37:383,PSA,PSA.13,13,200 - Success,--,
2023-08-17 10:25:37:462,PSA,PSA.14,14,200 - Success,--,
2023-08-17 10:25:38:122,PSA,PSA.15,15,200 - Success,--,
2023-08-17 10:25:38:154,PSA,PSA.16,16,200 - Success,--,
2023-08-17 10:25:38:192,PSA,PSA.17,17,200 - Success,--,
2023-08-17 10:25:38:287,PSA,PSA.18,18,200 - Success,--,
2023-08-17 10:25:38:993,PSA,PSA.19,19,200 - Success,--,
2023-08-17 10:25:39:29,PSA,PSA.20,20,200 - Success,--,
2023-08-17 10:25:39:54,PSA,PSA.21,21,200 - Success,--,
2023-08-17 10:25:39:80,PSA,PSA.22,22,200 - Success,--,
2023-08-17 10:25:39:533,PSA,PSA.24,24,200 - Success,--,
2023-08-17 10:25:39:557,PSA,PSA.23,23,200 - Success,--,
2023-08-17 10:25:39:606,PSA,PSA.25,25,200 - Success,--,
2023-08-17 10:25:39:685,PSA,PSA.26,26,200 - Success,--,
2023-08-17 10:25:40:119,PSA,PSA.28,28,200 - Success,--,
2023-08-17 10:25:40:154,PSA,PSA.27,27,200 - Success,--,
2023-08-17 10:25:40:210,PSA,PSA.30,30,200 - Success,--,
2023-08-17 10:25:40:228,PSA,PSA.29,29,200 - Success,--,
2023-08-17 10:25:40:662,PSA,PSA.32,32,200 - Success,--,
2023-08-17 10:25:40:697,PSA,PSA.31,31,200 - Success,--,
2023-08-17 10:25:40:724,PSA,PSA.33,33,200 - Success,--,
2023-08-17 10:25:40:811,PSA,PSA.34,34,200 - Success,--,
2023-08-17 10:25:41:277,PSA,PSA.35,35,200 - Success,--,
2023-08-17 10:25:41:296,PSA,PSA.36,36,200 - Success,--,
2023-08-17 10:25:41:316,PSA,PSA.37,37,200 - Success,--,
2023-08-17 10:25:41:370,PSA,PSA.38,38,200 - Success,--,
2023-08-17 10:25:41:813,PSA,PSA.40,40,200 - Success,--,
2023-08-17 10:25:41:831,PSA,PSA.39,39,200 - Success,--,
2023-08-17 10:25:41:886,PSA,PSA.42,42,200 - Success,--,
2023-08-17 10:25:41:901,PSA,PSA.41,41,200 - Success,--,
2023-08-17 10:25:42:354,PSA,PSA.45,45,200 - Success,--,
2023-08-17 10:25:42:370,PSA,PSA.43,43,200 - Success,--,
2023-08-17 10:25:42:389,PSA,PSA.44,44,200 - Success,--,
2023-08-17 10:25:42:408,PSA,PSA.46,46,200 - Success,--,
2023-08-17 10:25:42:837,PSA,PSA.47,47,200 - Success,--,
2023-08-17 10:25:42:881,PSA,PSA.48,48,200 - Success,--,
2023-08-17 10:25:42:904,PSA,PSA.49,49,200 - Success,--,
2023-08-17 10:25:42:960,PSA,PSA.50,50,200 - Success,--,
2023-08-17 10:25:43:419,PSA,PSA.52,52,200 - Success,--,
2023-08-17 10:25:43:435,PSA,PSA.51,51,200 - Success,--,
2023-08-17 10:25:43:447,PSA,PSA.53,53,200 - Success,--,
2023-08-17 10:25:43:466,PSA,PSA.54,54,200 - Success,--,
2023-08-17 10:25:43:954,PSA,PSA.56,56,200 - Success,--,
2023-08-17 10:25:43:974,PSA,PSA.55,55,200 - Success,--,
2023-08-17 10:25:43:992,PSA,PSA.57,57,200 - Success,--,
2023-08-17 10:25:44:19,PSA,PSA.58,58,200 - Success,--,
2023-08-17 10:25:44:448,PSA,PSA.60,60,200 - Success,--,
2023-08-17 10:25:44:468,PSA,PSA.61,61,200 - Success,--,
2023-08-17 10:25:44:492,PSA,PSA.59,59,200 - Success,--,
2023-08-17 10:25:44:514,PSA,PSA.62,62,200 - Success,--,
2023-08-17 10:25:44:978,PSA,PSA.63,63,200 - Success,--,
2023-08-17 10:25:45:38,PSA,PSA.66,66,200 - Success,--,
2023-08-17 10:25:45:58,PSA,PSA.64,64,200 - Success,--,
2023-08-17 10:25:45:74,PSA,PSA.65,65,200 - Success,--,
2023-08-17 10:25:45:518,PSA,PSA.68,68,200 - Success,--,
2023-08-17 10:25:45:537,PSA,PSA.67,67,200 - Success,--,
2023-08-17 10:25:45:571,PSA,PSA.70,70,200 - Success,--,
2023-08-17 10:25:45:595,PSA,PSA.69,69,200 - Success,--,
2023-08-17 10:25:46:52,PSA,PSA.71,71,200 - Success,--,
2023-08-17 10:25:46:73,PSA,PSA.72,72,200 - Success,--,
2023-08-17 10:25:46:96,PSA,PSA.74,74,200 - Success,--,
2023-08-17 10:25:46:127,PSA,PSA.73,73,200 - Success,--,
2023-08-17 10:25:46:555,PSA,PSA.75,75,200 - Success,--,
2023-08-17 10:25:46:642,PSA,PSA.76,76,200 - Success,--,
2023-08-17 10:25:46:661,PSA,PSA.77,77,200 - Success,--,
2023-08-17 10:25:46:697,PSA,PSA.78,78,200 - Success,--,
2023-08-17 10:25:47:128,PSA,PSA.79,79,200 - Success,--,
2023-08-17 10:25:47:224,PSA,PSA.80,80,200 - Success,--,
2023-08-17 10:25:47:246,PSA,PSA.82,82,200 - Success,--,
2023-08-17 10:25:47:267,PSA,PSA.81,81,200 - Success,--,
2023-08-17 10:25:47:722,PSA,PSA.83,83,200 - Success,--,
2023-08-17 10:25:47:743,PSA,PSA.85,85,200 - Success,--,
2023-08-17 10:25:47:768,PSA,PSA.84,84,200 - Success,--,
2023-08-17 10:25:47:891,PSA,PSA.86,86,200 - Success,--,
2023-08-17 10:25:48:336,PSA,PSA.87,87,200 - Success,--,
2023-08-17 10:25:48:389,PSA,PSA.89,89,200 - Success,--,
2023-08-17 10:25:48:410,PSA,PSA.88,88,200 - Success,--,
2023-08-17 10:25:48:461,PSA,PSA.90,90,200 - Success,--,
2023-08-17 10:25:48:932,PSA,PSA.91,91,200 - Success,--,
2023-08-17 10:25:49:2,PSA,PSA.92,92,200 - Success,--,
2023-08-17 10:25:49:15,PSA,PSA.93,93,200 - Success,--,
2023-08-17 10:25:49:89,PSA,PSA.94,94,200 - Success,--,
2023-08-17 10:25:49:557,PSA,PSA.96,96,200 - Success,--,
2023-08-17 10:25:49:583,PSA,PSA.95,95,200 - Success,--,
2023-08-17 10:25:49:608,PSA,PSA.98,98,200 - Success,--,
2023-08-17 10:25:49:635,PSA,PSA.97,97,200 - Success,--,
2023-08-17 10:25:50:133,PSA,PSA.100,100,200 - Success,--,
2023-08-17 10:25:50:178,PSA,PSA.101,101,200 - Success,--,
2023-08-17 10:25:50:196,PSA,PSA.102,102,200 - Success,--,
2023-08-17 10:25:50:212,PSA,PSA.99,99,200 - Success,--,
2023-08-17 10:25:50:640,PSA,PSA.103,103,200 - Success,--,
2023-08-17 10:25:50:727,PSA,PSA.106,106,200 - Success,--,
2023-08-17 10:25:50:849,PSA,PSA.105,105,200 - Success,--,
2023-08-17 10:25:50:871,PSA,PSA.104,104,200 - Success,--,
2023-08-17 10:25:51:331,PSA,PSA.107,107,200 - Success,--,
2023-08-17 10:25:51:353,PSA,PSA.108,108,200 - Success,--,
2023-08-17 10:25:51:381,PSA,PSA.110,110,200 - Success,--,
2023-08-17 10:25:51:415,PSA,PSA.109,109,200 - Success,--,
2023-08-17 10:25:51:917,PSA,PSA.111,111,200 - Success,--,
2023-08-17 10:25:51:932,PSA,PSA.112,112,200 - Success,--,
2023-08-17 10:25:52:90,PSA,PSA.113,113,200 - Success,--,
2023-08-17 10:25:52:105,PSA,PSA.114,114,200 - Success,--,
2023-08-17 10:25:52:567,PSA,PSA.115,115,200 - Success,--,
2023-08-17 10:25:52:587,PSA,PSA.116,116,200 - Success,--,
2023-08-17 10:25:52:633,PSA,PSA.117,117,200 - Success,--,
2023-08-17 10:25:52:698,PSA,PSA.118,118,200 - Success,--,
2023-08-17 10:25:53:206,PSA,PSA.120,120,200 - Success,--,
2023-08-17 10:25:53:228,PSA,PSA.121,121,200 - Success,--,
2023-08-17 10:25:53:268,PSA,PSA.122,122,200 - Success,--,
2023-08-17 10:25:53:330,PSA,PSA.119,119,200 - Success,--,
2023-08-17 10:25:53:810,PSA,PSA.123,123,200 - Success,--,
2023-08-17 10:25:53:828,PSA,PSA.125,125,200 - Success,--,
2023-08-17 10:25:53:846,PSA,PSA.126,126,200 - Success,--,
2023-08-17 10:25:53:870,PSA,PSA.124,124,200 - Success,--,
2023-08-17 10:25:54:339,PSA,PSA.127,127,200 - Success,--,
2023-08-17 10:25:54:376,PSA,PSA.128,128,200 - Success,--,
2023-08-17 10:25:54:396,PSA,PSA.129,129,200 - Success,--,
2023-08-17 10:25:54:414,PSA,PSA.130,130,200 - Success,--,
2023-08-17 10:25:54:874,PSA,PSA.131,131,200 - Success,--,
2023-08-17 10:25:54:907,PSA,PSA.132,132,200 - Success,--,
2023-08-17 10:25:54:928,PSA,PSA.134,134,200 - Success,--,
2023-08-17 10:25:54:944,PSA,PSA.133,133,200 - Success,--,
2023-08-17 10:25:55:413,PSA,PSA.136,136,200 - Success,--,
2023-08-17 10:25:55:434,PSA,PSA.135,135,200 - Success,--,
2023-08-17 10:25:55:456,PSA,PSA.138,138,200 - Success,--,
2023-08-17 10:25:55:550,PSA,PSA.137,137,200 - Success,--,
2023-08-17 10:25:56:13,PSA,PSA.139,139,200 - Success,--,
2023-08-17 10:25:56:31,PSA,PSA.140,140,200 - Success,--,
2023-08-17 10:25:56:53,PSA,PSA.142,142,200 - Success,--,
2023-08-17 10:25:56:152,PSA,PSA.141,141,200 - Success,--,
2023-08-17 10:25:56:590,PSA,PSA.143,143,200 - Success,--,
2023-08-17 10:25:56:615,PSA,PSA.144,144,200 - Success,--,
2023-08-17 10:25:56:632,PSA,PSA.146,146,200 - Success,--,
2023-08-17 10:25:56:655,PSA,PSA.145,145,200 - Success,--,
2023-08-17 10:25:57:103,PSA,PSA.147,147,200 - Success,--,
2023-08-17 10:25:57:121,PSA,PSA.148,148,200 - Success,--,
2023-08-17 10:25:57:150,PSA,PSA.149,149,200 - Success,--,
2023-08-17 10:25:57:222,PSA,PSA.150,150,200 - Success,--,
2023-08-17 10:25:57:661,PRO,PRO.1,1,200 - Success,--,
2023-08-17 10:25:57:680,PRO,PRO.2,2,200 - Success,--,
2023-08-17 10:25:57:715,PRO,PRO.3,3,200 - Success,--,
2023-08-17 10:25:57:735,PRO,PRO.4,4,200 - Success,--,
2023-08-17 10:25:58:189,PRO,PRO.5,5,200 - Success,--,
2023-08-17 10:25:58:209,PRO,PRO.7,7,200 - Success,--,
2023-08-17 10:25:58:230,PRO,PRO.6,6,200 - Success,--,
2023-08-17 10:25:58:250,PRO,PRO.8,8,200 - Success,--,
2023-08-17 10:25:58:638,PRO,PRO.9,9,200 - Success,--,
2023-08-17 10:25:58:730,PRO,PRO.11,11,200 - Success,--,
2023-08-17 10:25:58:753,PRO,PRO.10,10,200 - Success,--,
2023-08-17 10:25:58:772,PRO,PRO.12,12,200 - Success,--,
2023-08-17 10:25:59:162,PRO,PRO.13,13,200 - Success,--,
2023-08-17 10:25:59:237,PRO,PRO.14,14,200 - Success,--,
2023-08-17 10:25:59:281,PRO,PRO.15,15,200 - Success,--,
2023-08-17 10:25:59:302,PRO,PRO.16,16,200 - Success,--,
2023-08-17 10:25:59:756,PRO,PRO.17,17,200 - Success,--,
2023-08-17 10:25:59:779,PRO,PRO.18,18,200 - Success,--,
2023-08-17 10:25:59:803,PRO,PRO.19,19,200 - Success,--,
2023-08-17 10:25:59:830,PRO,PRO.20,20,200 - Success,--,
2023-08-17 10:26:00:270,PRO,PRO.21,21,200 - Success,--,
2023-08-17 10:26:00:318,PRO,PRO.23,23,200 - Success,--,
2023-08-17 10:26:00:337,PRO,PRO.22,22,200 - Success,--,
2023-08-17 10:26:00:356,PRO,PRO.24,24,200 - Success,--,
2023-08-17 10:26:00:813,PRO,PRO.25,25,200 - Success,--,
2023-08-17 10:26:00:833,PRO,PRO.26,26,200 - Success,--,
2023-08-17 10:26:00:853,PRO,PRO.27,27,200 - Success,--,
2023-08-17 10:26:00:873,PRO,PRO.28,28,200 - Success,--,
2023-08-17 10:26:01:314,PRO,PRO.29,29,200 - Success,--,
2023-08-17 10:26:01:335,ECC,ECC.1,1,200 - Success,--,
2023-08-17 10:26:01:354,PRO,PRO.30,30,200 - Success,--,
2023-08-17 10:26:01:381,PRO,PRO.31,31,200 - Success,--,
2023-08-17 10:26:01:861,ECC,ECC.3,3,200 - Success,--,
2023-08-17 10:26:01:878,ECC,ECC.2,2,200 - Success,--,
2023-08-17 10:26:01:897,ECC,ECC.5,5,200 - Success,--,
2023-08-17 10:26:01:918,ECC,ECC.4,4,200 - Success,--,
2023-08-17 10:26:02:364,ECC,ECC.6,6,200 - Success,--,
2023-08-17 10:26:02:385,ECC,ECC.8,8,200 - Success,--,
2023-08-17 10:26:02:405,ECC,ECC.7,7,200 - Success,--,
2023-08-17 10:26:02:432,ECC,ECC.9,9,200 - Success,--,
2023-08-17 10:26:02:887,ECC,ECC.11,11,200 - Success,--,
2023-08-17 10:26:02:904,ECC,ECC.10,10,200 - Success,--,
2023-08-17 10:26:03:5,ECC,ECC.12,12,200 - Success,--,
2023-08-17 10:26:03:24,SNG,SNG.1,1,200 - Success,--,
2023-08-17 10:26:03:433,SNG,SNG.2,2,200 - Success,--,
2023-08-17 10:26:03:500,SNG,SNG.3,3,200 - Success,--,
2023-08-17 10:26:03:519,SNG,SNG.4,4,200 - Success,--,
2023-08-17 10:26:03:545,SNG,SNG.5,5,200 - Success,--,
2023-08-17 10:26:03:989,SNG,SNG.6,6,200 - Success,--,
2023-08-17 10:26:04:4,SNG,SNG.7,7,200 - Success,--,
2023-08-17 10:26:04:26,SNG,SNG.8,8,200 - Success,--,
2023-08-17 10:26:04:78,ISA,ISA.1,1,200 - Success,--,
2023-08-17 10:26:04:529,ISA,ISA.2,2,200 - Success,--,
2023-08-17 10:26:04:550,ISA,ISA.3,3,200 - Success,--,
2023-08-17 10:26:04:569,ISA,ISA.4,4,200 - Success,--,
2023-08-17 10:26:04:598,ISA,ISA.5,5,200 - Success,--,
2023-08-17 10:26:05:85,ISA,ISA.6,6,200 - Success,--,
2023-08-17 10:26:05:108,ISA,ISA.8,8,200 - Success,--,
2023-08-17 10:26:05:134,ISA,ISA.7,7,200 - Success,--,
2023-08-17 10:26:05:156,ISA,ISA.9,9,200 - Success,--,
2023-08-17 10:26:05:605,ISA,ISA.10,10,200 - Success,--,
2023-08-17 10:26:05:638,ISA,ISA.11,11,200 - Success,--,
2023-08-17 10:26:05:656,ISA,ISA.12,12,200 - Success,--,
2023-08-17 10:26:05:679,ISA,ISA.13,13,200 - Success,--,
2023-08-17 10:26:06:102,ISA,ISA.14,14,200 - Success,--,
2023-08-17 10:26:06:130,ISA,ISA.16,16,200 - Success,--,
2023-08-17 10:26:06:208,ISA,ISA.15,15,200 - Success,--,
2023-08-17 10:26:06:227,ISA,ISA.17,17,200 - Success,--,
2023-08-17 10:26:06:650,ISA,ISA.19,19,200 - Success,--,
2023-08-17 10:26:06:666,ISA,ISA.18,18,200 - Success,--,
2023-08-17 10:26:06:707,ISA,ISA.20,20,200 - Success,--,
2023-08-17 10:26:06:727,ISA,ISA.21,21,200 - Success,--,
2023-08-17 10:26:07:166,ISA,ISA.22,22,200 - Success,--,
2023-08-17 10:26:07:193,ISA,ISA.23,23,200 - Success,--,
2023-08-17 10:26:07:211,ISA,ISA.24,24,200 - Success,--,
2023-08-17 10:26:07:239,ISA,ISA.25,25,200 - Success,--,
2023-08-17 10:26:07:684,ISA,ISA.26,26,200 - Success,--,
2023-08-17 10:26:07:732,ISA,ISA.27,27,200 - Success,--,
2023-08-17 10:26:07:753,ISA,ISA.28,28,200 - Success,--,
2023-08-17 10:26:07:774,ISA,ISA.29,29,200 - Success,--,
2023-08-17 10:26:08:233,ISA,ISA.30,30,200 - Success,--,
2023-08-17 10:26:08:290,ISA,ISA.31,31,200 - Success,--,
2023-08-17 10:26:08:309,ISA,ISA.32,32,200 - Success,--,
2023-08-17 10:26:08:330,ISA,ISA.33,33,200 - Success,--,
2023-08-17 10:26:08:787,ISA,ISA.34,34,200 - Success,--,
2023-08-17 10:26:08:804,ISA,ISA.35,35,200 - Success,--,
2023-08-17 10:26:08:826,ISA,ISA.37,37,200 - Success,--,
2023-08-17 10:26:08:846,ISA,ISA.36,36,200 - Success,--,
2023-08-17 10:26:09:269,ISA,ISA.38,38,200 - Success,--,
2023-08-17 10:26:09:338,ISA,ISA.40,40,200 - Success,--,
2023-08-17 10:26:09:353,ISA,ISA.39,39,200 - Success,--,
2023-08-17 10:26:09:407,ISA,ISA.41,41,200 - Success,--,
2023-08-17 10:26:09:847,ISA,ISA.42,42,200 - Success,--,
2023-08-17 10:26:09:869,ISA,ISA.45,45,200 - Success,--,
2023-08-17 10:26:09:895,ISA,ISA.44,44,200 - Success,--,
2023-08-17 10:26:09:929,ISA,ISA.43,43,200 - Success,--,
2023-08-17 10:26:10:564,ISA,ISA.48,48,200 - Success,--,
2023-08-17 10:26:10:579,ISA,ISA.47,47,200 - Success,--,
2023-08-17 10:26:10:595,ISA,ISA.46,46,200 - Success,--,
2023-08-17 10:26:10:626,ISA,ISA.49,49,200 - Success,--,
2023-08-17 10:26:11:376,ISA,ISA.52,52,200 - Success,--,
2023-08-17 10:26:11:392,ISA,ISA.50,50,200 - Success,--,
2023-08-17 10:26:11:416,ISA,ISA.51,51,200 - Success,--,
2023-08-17 10:26:11:435,ISA,ISA.53,53,200 - Success,--,
2023-08-17 10:26:12:87,ISA,ISA.56,56,200 - Success,--,
2023-08-17 10:26:12:103,ISA,ISA.57,57,200 - Success,--,
2023-08-17 10:26:12:122,ISA,ISA.54,54,200 - Success,--,
2023-08-17 10:26:12:146,ISA,ISA.55,55,200 - Success,--,
2023-08-17 10:26:12:605,ISA,ISA.59,59,200 - Success,--,
2023-08-17 10:26:12:657,ISA,ISA.60,60,200 - Success,--,
2023-08-17 10:26:12:684,ISA,ISA.58,58,200 - Success,--,
2023-08-17 10:26:12:731,ISA,ISA.61,61,200 - Success,--,
2023-08-17 10:26:13:179,ISA,ISA.62,62,200 - Success,--,
2023-08-17 10:26:13:305,ISA,ISA.63,63,200 - Success,--,
2023-08-17 10:26:13:412,ISA,ISA.64,64,200 - Success,--,
2023-08-17 10:26:13:438,ISA,ISA.65,65,200 - Success,--,
2023-08-17 10:26:14:25,ISA,ISA.66,66,200 - Success,--,
2023-08-17 10:26:14:96,JER,JER.3,3,200 - Success,--,
2023-08-17 10:26:14:122,JER,JER.1,1,200 - Success,--,
2023-08-17 10:26:14:181,JER,JER.2,2,200 - Success,--,
2023-08-17 10:26:14:586,JER,JER.5,5,200 - Success,--,
2023-08-17 10:26:14:619,JER,JER.4,4,200 - Success,--,
2023-08-17 10:26:14:639,JER,JER.6,6,200 - Success,--,
2023-08-17 10:26:14:662,JER,JER.7,7,200 - Success,--,
2023-08-17 10:26:15:469,JER,JER.9,9,200 - Success,--,
2023-08-17 10:26:15:670,JER,JER.10,10,200 - Success,--,
2023-08-17 10:26:15:746,JER,JER.8,8,200 - Success,--,
2023-08-17 10:26:15:816,JER,JER.11,11,200 - Success,--,
2023-08-17 10:26:16:366,JER,JER.12,12,200 - Success,--,
2023-08-17 10:26:16:441,JER,JER.14,14,200 - Success,--,
2023-08-17 10:26:16:482,JER,JER.13,13,200 - Success,--,
2023-08-17 10:26:16:530,JER,JER.15,15,200 - Success,--,
2023-08-17 10:26:17:47,JER,JER.16,16,200 - Success,--,
2023-08-17 10:26:17:114,JER,JER.17,17,200 - Success,--,
2023-08-17 10:26:17:152,JER,JER.18,18,200 - Success,--,
2023-08-17 10:26:17:199,JER,JER.19,19,200 - Success,--,
2023-08-17 10:26:17:647,JER,JER.20,20,200 - Success,--,
2023-08-17 10:26:17:682,JER,JER.22,22,200 - Success,--,
2023-08-17 10:26:17:802,JER,JER.21,21,200 - Success,--,
2023-08-17 10:26:17:831,JER,JER.23,23,200 - Success,--,
2023-08-17 10:26:18:289,JER,JER.24,24,200 - Success,--,
2023-08-17 10:26:18:359,JER,JER.25,25,200 - Success,--,
2023-08-17 10:26:18:383,JER,JER.27,27,200 - Success,--,
2023-08-17 10:26:18:426,JER,JER.26,26,200 - Success,--,
2023-08-17 10:26:18:856,JER,JER.28,28,200 - Success,--,
2023-08-17 10:26:18:951,JER,JER.29,29,200 - Success,--,
2023-08-17 10:26:19:8,JER,JER.30,30,200 - Success,--,
2023-08-17 10:26:19:29,JER,JER.31,31,200 - Success,--,
2023-08-17 10:26:19:486,JER,JER.34,34,200 - Success,--,
2023-08-17 10:26:19:513,JER,JER.32,32,200 - Success,--,
2023-08-17 10:26:19:533,JER,JER.33,33,200 - Success,--,
2023-08-17 10:26:19:558,JER,JER.35,35,200 - Success,--,
2023-08-17 10:26:20:49,JER,JER.36,36,200 - Success,--,
2023-08-17 10:26:20:69,JER,JER.37,37,200 - Success,--,
2023-08-17 10:26:20:101,JER,JER.38,38,200 - Success,--,
2023-08-17 10:26:20:122,JER,JER.39,39,200 - Success,--,
2023-08-17 10:26:20:565,JER,JER.40,40,200 - Success,--,
2023-08-17 10:26:20:622,JER,JER.42,42,200 - Success,--,
2023-08-17 10:26:20:645,JER,JER.41,41,200 - Success,--,
2023-08-17 10:26:20:698,JER,JER.43,43,200 - Success,--,
2023-08-17 10:26:21:120,JER,JER.44,44,200 - Success,--,
2023-08-17 10:26:21:170,JER,JER.45,45,200 - Success,--,
2023-08-17 10:26:21:196,JER,JER.47,47,200 - Success,--,
2023-08-17 10:26:21:218,JER,JER.46,46,200 - Success,--,
2023-08-17 10:26:21:668,JER,JER.48,48,200 - Success,--,
2023-08-17 10:26:21:704,JER,JER.49,49,200 - Success,--,
2023-08-17 10:26:21:743,JER,JER.50,50,200 - Success,--,
2023-08-17 10:26:21:780,JER,JER.51,51,200 - Success,--,
2023-08-17 10:26:22:262,LAM,LAM.2,2,200 - Success,--,
2023-08-17 10:26:22:296,LAM,LAM.1,1,200 - Success,--,
2023-08-17 10:26:22:314,JER,JER.52,52,200 - Success,--,
2023-08-17 10:26:22:345,LAM,LAM.3,3,200 - Success,--,
2023-08-17 10:26:22:833,LAM,LAM.4,4,200 - Success,--,
2023-08-17 10:26:22:868,LAM,LAM.5,5,200 - Success,--,
2023-08-17 10:26:22:968,EZK,EZK.1,1,200 - Success,--,
2023-08-17 10:26:23:7,EZK,EZK.2,2,200 - Success,--,
2023-08-17 10:26:23:456,EZK,EZK.3,3,200 - Success,--,
2023-08-17 10:26:23:486,EZK,EZK.5,5,200 - Success,--,
2023-08-17 10:26:23:516,EZK,EZK.6,6,200 - Success,--,
2023-08-17 10:26:23:540,EZK,EZK.4,4,200 - Success,--,
2023-08-17 10:26:24:9,EZK,EZK.8,8,200 - Success,--,
2023-08-17 10:26:24:28,EZK,EZK.7,7,200 - Success,--,
2023-08-17 10:26:24:64,EZK,EZK.9,9,200 - Success,--,
2023-08-17 10:26:24:89,EZK,EZK.10,10,200 - Success,--,
2023-08-17 10:26:24:492,EZK,EZK.11,11,200 - Success,--,
2023-08-17 10:26:24:580,EZK,EZK.14,14,200 - Success,--,
2023-08-17 10:26:24:605,EZK,EZK.12,12,200 - Success,--,
2023-08-17 10:26:24:632,EZK,EZK.13,13,200 - Success,--,
2023-08-17 10:26:25:215,EZK,EZK.18,18,200 - Success,--,
2023-08-17 10:26:25:235,EZK,EZK.15,15,200 - Success,--,
2023-08-17 10:26:25:253,EZK,EZK.17,17,200 - Success,--,
2023-08-17 10:26:25:273,EZK,EZK.16,16,200 - Success,--,
2023-08-17 10:26:25:671,EZK,EZK.19,19,200 - Success,--,
2023-08-17 10:26:25:740,EZK,EZK.20,20,200 - Success,--,
2023-08-17 10:26:25:763,EZK,EZK.21,21,200 - Success,--,
2023-08-17 10:26:25:802,EZK,EZK.22,22,200 - Success,--,
2023-08-17 10:26:26:267,EZK,EZK.23,23,200 - Success,--,
2023-08-17 10:26:26:284,EZK,EZK.25,25,200 - Success,--,
2023-08-17 10:26:26:305,EZK,EZK.24,24,200 - Success,--,
2023-08-17 10:26:26:324,EZK,EZK.26,26,200 - Success,--,
2023-08-17 10:26:26:749,EZK,EZK.28,28,200 - Success,--,
2023-08-17 10:26:26:802,EZK,EZK.29,29,200 - Success,--,
2023-08-17 10:26:26:821,EZK,EZK.27,27,200 - Success,--,
2023-08-17 10:26:26:873,EZK,EZK.30,30,200 - Success,--,
2023-08-17 10:26:27:296,EZK,EZK.31,31,200 - Success,--,
2023-08-17 10:26:27:354,EZK,EZK.33,33,200 - Success,--,
2023-08-17 10:26:27:377,EZK,EZK.34,34,200 - Success,--,
2023-08-17 10:26:27:397,EZK,EZK.32,32,200 - Success,--,
2023-08-17 10:26:27:851,EZK,EZK.35,35,200 - Success,--,
2023-08-17 10:26:27:879,EZK,EZK.36,36,200 - Success,--,
2023-08-17 10:26:27:909,EZK,EZK.37,37,200 - Success,--,
2023-08-17 10:26:27:938,EZK,EZK.38,38,200 - Success,--,
2023-08-17 10:26:28:360,EZK,EZK.39,39,200 - Success,--,
2023-08-17 10:26:28:452,EZK,EZK.41,41,200 - Success,--,
2023-08-17 10:26:28:499,EZK,EZK.40,40,200 - Success,--,
2023-08-17 10:26:28:530,EZK,EZK.42,42,200 - Success,--,
2023-08-17 10:26:29:3,EZK,EZK.43,43,200 - Success,--,
2023-08-17 10:26:29:80,EZK,EZK.44,44,200 - Success,--,
2023-08-17 10:26:29:124,EZK,EZK.45,45,200 - Success,--,
2023-08-17 10:26:29:166,EZK,EZK.46,46,200 - Success,--,
2023-08-17 10:26:29:696,EZK,EZK.47,47,200 - Success,--,
2023-08-17 10:26:29:749,DAN,DAN.1,1,200 - Success,--,
2023-08-17 10:26:29:790,EZK,EZK.48,48,200 - Success,--,
2023-08-17 10:26:29:846,DAN,DAN.2,2,200 - Success,--,
2023-08-17 10:26:30:398,DAN,DAN.3,3,200 - Success,--,
2023-08-17 10:26:30:423,DAN,DAN.4,4,200 - Success,--,
2023-08-17 10:26:30:450,DAN,DAN.5,5,200 - Success,--,
2023-08-17 10:26:30:524,DAN,DAN.6,6,200 - Success,--,
2023-08-17 10:26:31:156,DAN,DAN.8,8,200 - Success,--,
2023-08-17 10:26:31:179,DAN,DAN.7,7,200 - Success,--,
2023-08-17 10:26:31:243,DAN,DAN.9,9,200 - Success,--,
2023-08-17 10:26:31:293,DAN,DAN.10,10,200 - Success,--,
2023-08-17 10:26:31:785,DAN,DAN.11,11,200 - Success,--,
2023-08-17 10:26:31:818,DAN,DAN.12,12,200 - Success,--,
2023-08-17 10:26:31:857,HOS,HOS.1,1,200 - Success,--,
2023-08-17 10:26:31:901,HOS,HOS.2,2,200 - Success,--,
2023-08-17 10:26:32:456,HOS,HOS.3,3,200 - Success,--,
2023-08-17 10:26:32:477,HOS,HOS.4,4,200 - Success,--,
2023-08-17 10:26:32:512,HOS,HOS.5,5,200 - Success,--,
2023-08-17 10:26:32:584,HOS,HOS.6,6,200 - Success,--,
2023-08-17 10:26:33:168,HOS,HOS.7,7,200 - Success,--,
2023-08-17 10:26:33:209,HOS,HOS.9,9,200 - Success,--,
2023-08-17 10:26:33:294,HOS,HOS.10,10,200 - Success,--,
2023-08-17 10:26:33:330,HOS,HOS.8,8,200 - Success,--,
2023-08-17 10:26:33:839,HOS,HOS.11,11,200 - Success,--,
2023-08-17 10:26:33:897,HOS,HOS.12,12,200 - Success,--,
2023-08-17 10:26:33:929,HOS,HOS.13,13,200 - Success,--,
2023-08-17 10:26:33:995,HOS,HOS.14,14,200 - Success,--,
2023-08-17 10:26:34:609,JOL,JOL.1,1,200 - Success,--,
2023-08-17 10:26:34:684,JOL,JOL.2,2,200 - Success,--,
2023-08-17 10:26:34:717,AMO,AMO.1,1,200 - Success,--,
2023-08-17 10:26:34:782,JOL,JOL.3,3,200 - Success,--,
2023-08-17 10:26:35:276,AMO,AMO.2,2,200 - Success,--,
2023-08-17 10:26:35:354,AMO,AMO.3,3,200 - Success,--,
2023-08-17 10:26:35:383,AMO,AMO.4,4,200 - Success,--,
2023-08-17 10:26:35:418,AMO,AMO.5,5,200 - Success,--,
2023-08-17 10:26:35:939,AMO,AMO.6,6,200 - Success,--,
2023-08-17 10:26:35:967,AMO,AMO.7,7,200 - Success,--,
2023-08-17 10:26:36:56,AMO,AMO.8,8,200 - Success,--,
2023-08-17 10:26:36:79,AMO,AMO.9,9,200 - Success,--,
2023-08-17 10:26:36:536,OBA,OBA.1,1,200 - Success,--,
2023-08-17 10:26:36:558,JON,JON.3,3,200 - Success,--,
2023-08-17 10:26:36:580,JON,JON.2,2,200 - Success,--,
2023-08-17 10:26:36:600,JON,JON.1,1,200 - Success,--,
2023-08-17 10:26:37:36,JON,JON.4,4,200 - Success,--,
2023-08-17 10:26:37:88,MIC,MIC.1,1,200 - Success,--,
2023-08-17 10:26:37:117,MIC,MIC.2,2,200 - Success,--,
2023-08-17 10:26:37:168,MIC,MIC.3,3,200 - Success,--,
2023-08-17 10:26:37:571,MIC,MIC.4,4,200 - Success,--,
2023-08-17 10:26:37:625,MIC,MIC.5,5,200 - Success,--,
2023-08-17 10:26:37:642,MIC,MIC.7,7,200 - Success,--,
2023-08-17 10:26:37:657,MIC,MIC.6,6,200 - Success,--,
2023-08-17 10:26:38:110,HAB,HAB.1,1,200 - Success,--,
2023-08-17 10:26:38:123,NAM,NAM.1,1,200 - Success,--,
2023-08-17 10:26:38:140,NAM,NAM.2,2,200 - Success,--,
2023-08-17 10:26:38:155,NAM,NAM.3,3,200 - Success,--,
2023-08-17 10:26:38:545,HAB,HAB.2,2,200 - Success,--,
2023-08-17 10:26:38:603,ZEP,ZEP.2,2,200 - Success,--,
2023-08-17 10:26:38:621,HAB,HAB.3,3,200 - Success,--,
2023-08-17 10:26:38:692,ZEP,ZEP.1,1,200 - Success,--,
2023-08-17 10:26:39:127,HAG,HAG.1,1,200 - Success,--,
2023-08-17 10:26:39:150,ZEP,ZEP.3,3,200 - Success,--,
2023-08-17 10:26:39:208,HAG,HAG.2,2,200 - Success,--,
2023-08-17 10:26:39:249,ZEC,ZEC.1,1,200 - Success,--,
2023-08-17 10:26:39:663,ZEC,ZEC.2,2,200 - Success,--,
2023-08-17 10:26:39:698,ZEC,ZEC.4,4,200 - Success,--,
2023-08-17 10:26:39:719,ZEC,ZEC.3,3,200 - Success,--,
2023-08-17 10:26:39:733,ZEC,ZEC.5,5,200 - Success,--,
2023-08-17 10:26:40:146,ZEC,ZEC.6,6,200 - Success,--,
2023-08-17 10:26:40:229,ZEC,ZEC.7,7,200 - Success,--,
2023-08-17 10:26:40:244,ZEC,ZEC.9,9,200 - Success,--,
2023-08-17 10:26:40:271,ZEC,ZEC.8,8,200 - Success,--,
2023-08-17 10:26:40:689,ZEC,ZEC.13,13,200 - Success,--,
2023-08-17 10:26:40:708,ZEC,ZEC.10,10,200 - Success,--,
2023-08-17 10:26:40:723,ZEC,ZEC.12,12,200 - Success,--,
2023-08-17 10:26:40:741,ZEC,ZEC.11,11,200 - Success,--,
2023-08-17 10:26:41:134,MAL,MAL.1,1,200 - Success,--,
2023-08-17 10:26:41:156,ZEC,ZEC.14,14,200 - Success,--,
2023-08-17 10:26:41:172,MAL,MAL.3,3,200 - Success,--,
2023-08-17 10:26:41:189,MAL,MAL.2,2,200 - Success,--,
2023-08-17 10:26:41:661,MAL,MAL.4,4,200 - Success,--,
2023-08-17 10:26:41:699,MAT,MAT.1,1,200 - Success,--,
2023-08-17 10:26:41:721,MAT,MAT.2,2,200 - Success,--,
2023-08-17 10:26:41:738,MAT,MAT.3,3,200 - Success,--,
2023-08-17 10:26:42:179,MAT,MAT.4,4,200 - Success,--,
2023-08-17 10:26:42:201,MAT,MAT.5,5,200 - Success,--,
2023-08-17 10:26:42:219,MAT,MAT.6,6,200 - Success,--,
2023-08-17 10:26:42:244,MAT,MAT.7,7,200 - Success,--,
2023-08-17 10:26:42:657,MAT,MAT.8,8,200 - Success,--,
2023-08-17 10:26:42:693,MAT,MAT.9,9,200 - Success,--,
2023-08-17 10:26:42:710,MAT,MAT.10,10,200 - Success,--,
2023-08-17 10:26:42:729,MAT,MAT.11,11,200 - Success,--,
2023-08-17 10:26:43:170,MAT,MAT.13,13,200 - Success,--,
2023-08-17 10:26:43:188,MAT,MAT.12,12,200 - Success,--,
2023-08-17 10:26:43:207,MAT,MAT.14,14,200 - Success,--,
2023-08-17 10:26:43:226,MAT,MAT.15,15,200 - Success,--,
2023-08-17 10:26:43:661,MAT,MAT.16,16,200 - Success,--,
2023-08-17 10:26:43:677,MAT,MAT.17,17,200 - Success,--,
2023-08-17 10:26:43:697,MAT,MAT.19,19,200 - Success,--,
2023-08-17 10:26:43:715,MAT,MAT.18,18,200 - Success,--,
2023-08-17 10:26:44:136,MAT,MAT.22,22,200 - Success,--,
2023-08-17 10:26:44:157,MAT,MAT.20,20,200 - Success,--,
2023-08-17 10:26:44:214,MAT,MAT.21,21,200 - Success,--,
2023-08-17 10:26:44:249,MAT,MAT.23,23,200 - Success,--,
2023-08-17 10:26:44:709,MAT,MAT.26,26,200 - Success,--,
2023-08-17 10:26:44:732,MAT,MAT.27,27,200 - Success,--,
2023-08-17 10:26:44:748,MAT,MAT.25,25,200 - Success,--,
2023-08-17 10:26:44:767,MAT,MAT.24,24,200 - Success,--,
2023-08-17 10:26:45:165,MAT,MAT.28,28,200 - Success,--,
2023-08-17 10:26:45:229,MRK,MRK.2,2,200 - Success,--,
2023-08-17 10:26:45:246,MRK,MRK.3,3,200 - Success,--,
2023-08-17 10:26:45:263,MRK,MRK.1,1,200 - Success,--,
2023-08-17 10:26:45:646,MRK,MRK.4,4,200 - Success,--,
2023-08-17 10:26:45:719,MRK,MRK.5,5,200 - Success,--,
2023-08-17 10:26:45:739,MRK,MRK.6,6,200 - Success,--,
2023-08-17 10:26:45:759,MRK,MRK.7,7,200 - Success,--,
2023-08-17 10:26:46:192,MRK,MRK.8,8,200 - Success,--,
2023-08-17 10:26:46:230,MRK,MRK.10,10,200 - Success,--,
2023-08-17 10:26:46:245,MRK,MRK.9,9,200 - Success,--,
2023-08-17 10:26:46:261,MRK,MRK.11,11,200 - Success,--,
2023-08-17 10:26:46:702,MRK,MRK.13,13,200 - Success,--,
2023-08-17 10:26:46:730,MRK,MRK.12,12,200 - Success,--,
2023-08-17 10:26:46:746,MRK,MRK.14,14,200 - Success,--,
2023-08-17 10:26:46:758,MRK,MRK.15,15,200 - Success,--,
2023-08-17 10:26:47:178,MRK,MRK.16,16,200 - Success,--,
2023-08-17 10:26:47:191,LUK,LUK.2,2,200 - Success,--,
2023-08-17 10:26:47:213,LUK,LUK.1,1,200 - Success,--,
2023-08-17 10:26:47:249,LUK,LUK.3,3,200 - Success,--,
2023-08-17 10:26:47:651,LUK,LUK.4,4,200 - Success,--,
2023-08-17 10:26:47:721,LUK,LUK.6,6,200 - Success,--,
2023-08-17 10:26:47:743,LUK,LUK.5,5,200 - Success,--,
2023-08-17 10:26:47:760,LUK,LUK.7,7,200 - Success,--,
2023-08-17 10:26:48:218,LUK,LUK.8,8,200 - Success,--,
2023-08-17 10:26:48:244,LUK,LUK.9,9,200 - Success,--,
2023-08-17 10:26:48:269,LUK,LUK.10,10,200 - Success,--,
2023-08-17 10:26:48:304,LUK,LUK.11,11,200 - Success,--,
2023-08-17 10:26:48:728,LUK,LUK.14,14,200 - Success,--,
2023-08-17 10:26:48:747,LUK,LUK.12,12,200 - Success,--,
2023-08-17 10:26:48:903,LUK,LUK.15,15,200 - Success,--,
2023-08-17 10:26:48:918,LUK,LUK.13,13,200 - Success,--,
2023-08-17 10:26:49:345,LUK,LUK.17,17,200 - Success,--,
2023-08-17 10:26:49:357,LUK,LUK.16,16,200 - Success,--,
2023-08-17 10:26:49:370,LUK,LUK.19,19,200 - Success,--,
2023-08-17 10:26:49:388,LUK,LUK.18,18,200 - Success,--,
2023-08-17 10:26:49:805,LUK,LUK.21,21,200 - Success,--,
2023-08-17 10:26:49:823,LUK,LUK.20,20,200 - Success,--,
2023-08-17 10:26:49:854,LUK,LUK.22,22,200 - Success,--,
2023-08-17 10:26:49:873,LUK,LUK.23,23,200 - Success,--,
2023-08-17 10:26:50:297,JHN,JHN.2,2,200 - Success,--,
2023-08-17 10:26:50:325,JHN,JHN.1,1,200 - Success,--,
2023-08-17 10:26:50:356,LUK,LUK.24,24,200 - Success,--,
2023-08-17 10:26:50:401,JHN,JHN.3,3,200 - Success,--,
2023-08-17 10:26:50:957,JHN,JHN.4,4,200 - Success,--,
2023-08-17 10:26:51:34,JHN,JHN.5,5,200 - Success,--,
2023-08-17 10:26:51:98,JHN,JHN.6,6,200 - Success,--,
2023-08-17 10:26:51:137,JHN,JHN.7,7,200 - Success,--,
2023-08-17 10:26:51:604,JHN,JHN.9,9,200 - Success,--,
2023-08-17 10:26:51:643,JHN,JHN.8,8,200 - Success,--,
2023-08-17 10:26:51:687,JHN,JHN.10,10,200 - Success,--,
2023-08-17 10:26:51:752,JHN,JHN.11,11,200 - Success,--,
2023-08-17 10:26:52:236,JHN,JHN.12,12,200 - Success,--,
2023-08-17 10:26:52:277,JHN,JHN.13,13,200 - Success,--,
2023-08-17 10:26:52:323,JHN,JHN.15,15,200 - Success,--,
2023-08-17 10:26:52:352,JHN,JHN.14,14,200 - Success,--,
2023-08-17 10:26:52:837,JHN,JHN.16,16,200 - Success,--,
2023-08-17 10:26:52:868,JHN,JHN.17,17,200 - Success,--,
2023-08-17 10:26:52:900,JHN,JHN.19,19,200 - Success,--,
2023-08-17 10:26:52:934,JHN,JHN.18,18,200 - Success,--,
2023-08-17 10:26:53:421,JHN,JHN.20,20,200 - Success,--,
2023-08-17 10:26:53:447,ACT,ACT.1,1,200 - Success,--,
2023-08-17 10:26:53:470,JHN,JHN.21,21,200 - Success,--,
2023-08-17 10:26:53:504,ACT,ACT.2,2,200 - Success,--,
2023-08-17 10:26:53:983,ACT,ACT.4,4,200 - Success,--,
2023-08-17 10:26:53:999,ACT,ACT.3,3,200 - Success,--,
2023-08-17 10:26:54:34,ACT,ACT.5,5,200 - Success,--,
2023-08-17 10:26:54:62,ACT,ACT.6,6,200 - Success,--,
2023-08-17 10:26:54:539,ACT,ACT.7,7,200 - Success,--,
2023-08-17 10:26:54:566,ACT,ACT.9,9,200 - Success,--,
2023-08-17 10:26:54:599,ACT,ACT.8,8,200 - Success,--,
2023-08-17 10:26:54:630,ACT,ACT.10,10,200 - Success,--,
2023-08-17 10:26:55:104,ACT,ACT.11,11,200 - Success,--,
2023-08-17 10:26:55:127,ACT,ACT.12,12,200 - Success,--,
2023-08-17 10:26:55:172,ACT,ACT.13,13,200 - Success,--,
2023-08-17 10:26:55:195,ACT,ACT.14,14,200 - Success,--,
2023-08-17 10:26:55:603,ACT,ACT.15,15,200 - Success,--,
2023-08-17 10:26:55:686,ACT,ACT.18,18,200 - Success,--,
2023-08-17 10:26:55:710,ACT,ACT.16,16,200 - Success,--,
2023-08-17 10:26:55:737,ACT,ACT.17,17,200 - Success,--,
2023-08-17 10:26:56:203,ACT,ACT.19,19,200 - Success,--,
2023-08-17 10:26:56:227,ACT,ACT.20,20,200 - Success,--,
2023-08-17 10:26:56:256,ACT,ACT.21,21,200 - Success,--,
2023-08-17 10:26:56:332,ACT,ACT.22,22,200 - Success,--,
2023-08-17 10:26:56:864,ACT,ACT.23,23,200 - Success,--,
2023-08-17 10:26:56:919,ACT,ACT.24,24,200 - Success,--,
2023-08-17 10:26:56:943,ACT,ACT.26,26,200 - Success,--,
2023-08-17 10:26:56:984,ACT,ACT.25,25,200 - Success,--,
2023-08-17 10:26:57:415,ACT,ACT.27,27,200 - Success,--,
2023-08-17 10:26:57:459,ACT,ACT.28,28,200 - Success,--,
2023-08-17 10:26:57:483,ROM,ROM.1,1,200 - Success,--,
2023-08-17 10:26:57:497,ROM,ROM.2,2,200 - Success,--,
2023-08-17 10:26:57:938,ROM,ROM.3,3,200 - Success,--,
2023-08-17 10:26:57:960,ROM,ROM.4,4,200 - Success,--,
2023-08-17 10:26:57:982,ROM,ROM.6,6,200 - Success,--,
2023-08-17 10:26:58:18,ROM,ROM.5,5,200 - Success,--,
2023-08-17 10:26:58:424,ROM,ROM.7,7,200 - Success,--,
2023-08-17 10:26:58:495,ROM,ROM.8,8,200 - Success,--,
2023-08-17 10:26:58:512,ROM,ROM.10,10,200 - Success,--,
2023-08-17 10:26:58:533,ROM,ROM.9,9,200 - Success,--,
2023-08-17 10:26:58:936,ROM,ROM.11,11,200 - Success,--,
2023-08-17 10:26:58:959,ROM,ROM.12,12,200 - Success,--,
2023-08-17 10:26:59:17,ROM,ROM.13,13,200 - Success,--,
2023-08-17 10:26:59:53,ROM,ROM.14,14,200 - Success,--,
2023-08-17 10:26:59:503,ROM,ROM.15,15,200 - Success,--,
2023-08-17 10:26:59:537,ROM,ROM.16,16,200 - Success,--,
2023-08-17 10:26:59:557,1CO,1CO.1,1,200 - Success,--,
2023-08-17 10:26:59:589,1CO,1CO.2,2,200 - Success,--,
2023-08-17 10:27:00:85,1CO,1CO.4,4,200 - Success,--,
2023-08-17 10:27:00:111,1CO,1CO.3,3,200 - Success,--,
2023-08-17 10:27:00:132,1CO,1CO.6,6,200 - Success,--,
2023-08-17 10:27:00:162,1CO,1CO.5,5,200 - Success,--,
2023-08-17 10:27:00:655,1CO,1CO.7,7,200 - Success,--,
2023-08-17 10:27:00:681,1CO,1CO.8,8,200 - Success,--,
2023-08-17 10:27:00:703,1CO,1CO.9,9,200 - Success,--,
2023-08-17 10:27:00:734,1CO,1CO.10,10,200 - Success,--,
2023-08-17 10:27:01:199,1CO,1CO.11,11,200 - Success,--,
2023-08-17 10:27:01:256,1CO,1CO.12,12,200 - Success,--,
2023-08-17 10:27:01:311,1CO,1CO.14,14,200 - Success,--,
2023-08-17 10:27:01:328,1CO,1CO.13,13,200 - Success,--,
2023-08-17 10:27:01:789,1CO,1CO.15,15,200 - Success,--,
2023-08-17 10:27:01:834,1CO,1CO.16,16,200 - Success,--,
2023-08-17 10:27:01:912,2CO,2CO.2,2,200 - Success,--,
2023-08-17 10:27:01:933,2CO,2CO.1,1,200 - Success,--,
2023-08-17 10:27:02:401,2CO,2CO.4,4,200 - Success,--,
2023-08-17 10:27:02:430,2CO,2CO.3,3,200 - Success,--,
2023-08-17 10:27:02:509,2CO,2CO.5,5,200 - Success,--,
2023-08-17 10:27:02:535,2CO,2CO.6,6,200 - Success,--,
2023-08-17 10:27:03:9,2CO,2CO.7,7,200 - Success,--,
2023-08-17 10:27:03:31,2CO,2CO.8,8,200 - Success,--,
2023-08-17 10:27:03:58,2CO,2CO.9,9,200 - Success,--,
2023-08-17 10:27:03:90,2CO,2CO.10,10,200 - Success,--,
2023-08-17 10:27:03:511,2CO,2CO.11,11,200 - Success,--,
2023-08-17 10:27:03:580,2CO,2CO.12,12,200 - Success,--,
2023-08-17 10:27:03:639,2CO,2CO.13,13,200 - Success,--,
2023-08-17 10:27:03:662,GAL,GAL.1,1,200 - Success,--,
2023-08-17 10:27:04:218,GAL,GAL.3,3,200 - Success,--,
2023-08-17 10:27:04:242,GAL,GAL.5,5,200 - Success,--,
2023-08-17 10:27:04:270,GAL,GAL.2,2,200 - Success,--,
2023-08-17 10:27:04:295,GAL,GAL.4,4,200 - Success,--,
2023-08-17 10:27:04:949,GAL,GAL.6,6,200 - Success,--,
2023-08-17 10:27:04:975,EPH,EPH.1,1,200 - Success,--,
2023-08-17 10:27:04:993,EPH,EPH.3,3,200 - Success,--,
2023-08-17 10:27:05:19,EPH,EPH.2,2,200 - Success,--,
2023-08-17 10:27:05:498,EPH,EPH.4,4,200 - Success,--,
2023-08-17 10:27:05:517,EPH,EPH.6,6,200 - Success,--,
2023-08-17 10:27:05:542,EPH,EPH.5,5,200 - Success,--,
2023-08-17 10:27:05:582,PHP,PHP.1,1,200 - Success,--,
2023-08-17 10:27:06:20,PHP,PHP.3,3,200 - Success,--,
2023-08-17 10:27:06:127,PHP,PHP.4,4,200 - Success,--,
2023-08-17 10:27:06:168,COL,COL.1,1,200 - Success,--,
2023-08-17 10:27:06:189,PHP,PHP.2,2,200 - Success,--,
2023-08-17 10:27:06:652,COL,COL.2,2,200 - Success,--,
2023-08-17 10:27:06:675,COL,COL.3,3,200 - Success,--,
2023-08-17 10:27:06:694,COL,COL.4,4,200 - Success,--,
2023-08-17 10:27:06:716,1TH,1TH.1,1,200 - Success,--,
2023-08-17 10:27:07:197,1TH,1TH.3,3,200 - Success,--,
2023-08-17 10:27:07:216,1TH,1TH.2,2,200 - Success,--,
2023-08-17 10:27:07:279,1TH,1TH.5,5,200 - Success,--,
2023-08-17 10:27:07:322,1TH,1TH.4,4,200 - Success,--,
2023-08-17 10:27:07:777,2TH,2TH.1,1,200 - Success,--,
2023-08-17 10:27:07:800,2TH,2TH.3,3,200 - Success,--,
2023-08-17 10:27:07:818,2TH,2TH.2,2,200 - Success,--,
2023-08-17 10:27:07:850,1TI,1TI.1,1,200 - Success,--,
2023-08-17 10:27:08:317,1TI,1TI.2,2,200 - Success,--,
2023-08-17 10:27:08:334,1TI,1TI.3,3,200 - Success,--,
2023-08-17 10:27:08:386,1TI,1TI.4,4,200 - Success,--,
2023-08-17 10:27:08:406,1TI,1TI.5,5,200 - Success,--,
2023-08-17 10:27:08:815,2TI,2TI.1,1,200 - Success,--,
2023-08-17 10:27:08:851,1TI,1TI.6,6,200 - Success,--,
2023-08-17 10:27:08:883,2TI,2TI.2,2,200 - Success,--,
2023-08-17 10:27:08:908,2TI,2TI.3,3,200 - Success,--,
2023-08-17 10:27:09:359,2TI,2TI.4,4,200 - Success,--,
2023-08-17 10:27:09:391,TIT,TIT.1,1,200 - Success,--,
2023-08-17 10:27:09:411,TIT,TIT.2,2,200 - Success,--,
2023-08-17 10:27:09:453,TIT,TIT.3,3,200 - Success,--,
2023-08-17 10:27:09:853,PHM,PHM.1,1,200 - Success,--,
2023-08-17 10:27:09:930,HEB,HEB.1,1,200 - Success,--,
2023-08-17 10:27:09:968,HEB,HEB.2,2,200 - Success,--,
2023-08-17 10:27:09:986,HEB,HEB.3,3,200 - Success,--,
2023-08-17 10:27:10:459,HEB,HEB.4,4,200 - Success,--,
2023-08-17 10:27:10:478,HEB,HEB.5,5,200 - Success,--,
2023-08-17 10:27:10:502,HEB,HEB.7,7,200 - Success,--,
2023-08-17 10:27:10:520,HEB,HEB.6,6,200 - Success,--,
2023-08-17 10:27:10:959,HEB,HEB.8,8,200 - Success,--,
2023-08-17 10:27:11:11,HEB,HEB.9,9,200 - Success,--,
2023-08-17 10:27:11:54,HEB,HEB.11,11,200 - Success,--,
2023-08-17 10:27:11:87,HEB,HEB.10,10,200 - Success,--,
2023-08-17 10:27:11:546,HEB,HEB.12,12,200 - Success,--,
2023-08-17 10:27:11:565,HEB,HEB.13,13,200 - Success,--,
2023-08-17 10:27:11:593,JAS,JAS.1,1,200 - Success,--,
2023-08-17 10:27:11:614,JAS,JAS.2,2,200 - Success,--,
2023-08-17 10:27:12:99,JAS,JAS.3,3,200 - Success,--,
2023-08-17 10:27:12:231,JAS,JAS.4,4,200 - Success,--,
2023-08-17 10:27:12:258,JAS,JAS.5,5,200 - Success,--,
2023-08-17 10:27:12:273,1PE,1PE.1,1,200 - Success,--,
2023-08-17 10:27:12:673,1PE,1PE.2,2,200 - Success,--,
2023-08-17 10:27:12:690,1PE,1PE.3,3,200 - Success,--,
2023-08-17 10:27:12:764,1PE,1PE.4,4,200 - Success,--,
2023-08-17 10:27:12:779,1PE,1PE.5,5,200 - Success,--,
2023-08-17 10:27:13:226,2PE,2PE.1,1,200 - Success,--,
2023-08-17 10:27:13:285,2PE,2PE.3,3,200 - Success,--,
2023-08-17 10:27:13:306,2PE,2PE.2,2,200 - Success,--,
2023-08-17 10:27:13:319,1JN,1JN.1,1,200 - Success,--,
2023-08-17 10:27:13:854,1JN,1JN.4,4,200 - Success,--,
2023-08-17 10:27:13:872,1JN,1JN.2,2,200 - Success,--,
2023-08-17 10:27:13:891,1JN,1JN.3,3,200 - Success,--,
2023-08-17 10:27:13:910,1JN,1JN.5,5,200 - Success,--,
2023-08-17 10:27:14:354,3JN,3JN.1,1,200 - Success,--,
2023-08-17 10:27:14:374,2JN,2JN.1,1,200 - Success,--,
2023-08-17 10:27:14:392,REV,REV.1,1,200 - Success,--,
2023-08-17 10:27:14:474,JUD,JUD.1,1,200 - Success,--,
2023-08-17 10:27:14:884,REV,REV.3,3,200 - Success,--,
2023-08-17 10:27:14:933,REV,REV.2,2,200 - Success,--,
2023-08-17 10:27:14:946,REV,REV.5,5,200 - Success,--,
2023-08-17 10:27:15:3,REV,REV.4,4,200 - Success,--,
2023-08-17 10:27:15:481,REV,REV.8,8,200 - Success,--,
2023-08-17 10:27:15:501,REV,REV.6,6,200 - Success,--,
2023-08-17 10:27:15:518,REV,REV.7,7,200 - Success,--,
2023-08-17 10:27:15:537,REV,REV.9,9,200 - Success,--,
2023-08-17 10:27:15:931,REV,REV.10,10,200 - Success,--,
2023-08-17 10:27:15:974,REV,REV.11,11,200 - Success,--,
2023-08-17 10:27:16:48,REV,REV.12,12,200 - Success,--,
2023-08-17 10:27:16:72,REV,REV.13,13,200 - Success,--,
2023-08-17 10:27:16:550,REV,REV.16,16,200 - Success,--,
2023-08-17 10:27:16:569,REV,REV.14,14,200 - Success,--,
2023-08-17 10:27:16:583,REV,REV.15,15,200 - Success,--,
2023-08-17 10:27:16:603,REV,REV.17,17,200 - Success,--,
2023-08-17 10:27:17:67,REV,REV.18,18,200 - Success,--,
2023-08-17 10:27:17:88,REV,REV.21,21,200 - Success,--,
2023-08-17 10:27:17:111,REV,REV.19,19,200 - Success,--,
2023-08-17 10:27:17:132,REV,REV.20,20,200 - Success,--,
2023-08-17 10:27:17:580,REV,REV.22,22,200 - Success,--,
